gene_symbol,symbol,name
AAK1,AAK1,AAK1
AANAT,AANAT,AANAT
ABCB1,ABCB1,ABCB1
ABCB11,ABCB11,ABCB11
ABCC1,ABCC1,ABCC1
ABCC2,ABCC2,ABCC2
ABCC4,ABCC4,ABCC4
ABCG2,ABCG2,ABCG2
ABHD16A,ABHD16A,ABHD16A
ABL1,ABL1,ABL1
ABL2,ABL2,ABL2
ACACA,ACACA,ACACA
ACACB,ACACB,ACACB
ACE,ACE,ACE
ACE2,ACE2,ACE2
ACHE,ACHE,ACHE
ACLY,ACLY,ACLY
ACP1,ACP1,ACP1
ACR,ACR,ACR
ACVR1,ACVR1,ACVR1
ADA,ADA,ADA
ADAM17,ADAM17,ADAM17
ADAMTS4,ADAMTS4,ADAMTS4
ADAMTS5,ADAMTS5,ADAMTS5
ADCY1,ADCY1,ADCY1
ADCY10,ADCY10,ADCY10
ADCY8,ADCY8,ADCY8
ADGRF1,ADGRF1,ADGRF1
ADH1A,ADH1A,ADH1A
ADH1B,ADH1B,ADH1B
ADH1C,ADH1C,ADH1C
ADH7,ADH7,ADH7
ADK,ADK,ADK
ADORA1,ADORA1,ADORA1
ADORA2A,ADORA2A,ADORA2A
ADORA2B,ADORA2B,ADORA2B
ADORA3,ADORA3,ADORA3
ADRA1A,ADRA1A,ADRA1A
ADRA1B,ADRA1B,ADRA1B
ADRA1D,ADRA1D,ADRA1D
ADRA2A,ADRA2A,ADRA2A
ADRA2B,ADRA2B,ADRA2B
ADRA2C,ADRA2C,ADRA2C
ADRB1,ADRB1,ADRB1
ADRB2,ADRB2,ADRB2
ADRB3,ADRB3,ADRB3
ADSS2,ADSS2,ADSS2
ADTRP,ADTRP,ADTRP
AGER,AGER,AGER
AGL,AGL,AGL
AGTR1,AGTR1,AGTR1
AGTR2,AGTR2,AGTR2
AGXT,AGXT,AGXT
AHR,AHR,AHR
AIG1,AIG1,AIG1
AKAP7,AKAP7,AKAP7
AKR1B1,AKR1B1,AKR1B1
AKR1B10,AKR1B10,AKR1B10
AKR1C1,AKR1C1,AKR1C1
AKR1C2,AKR1C2,AKR1C2
AKR1C3,AKR1C3,AKR1C3
AKR1C4,AKR1C4,AKR1C4
AKT1,AKT1,AKT1
AKT2,AKT2,AKT2
AKT3,AKT3,AKT3
ALB,ALB,ALB
ALDH1A1,ALDH1A1,ALDH1A1
ALDH1A2,ALDH1A2,ALDH1A2
ALDH1A3,ALDH1A3,ALDH1A3
ALDH1B1,ALDH1B1,ALDH1B1
ALDH2,ALDH2,ALDH2
ALDH3A1,ALDH3A1,ALDH3A1
ALK,ALK,ALK
ALKBH2,ALKBH2,ALKBH2
ALKBH3,ALKBH3,ALKBH3
ALKBH5,ALKBH5,ALKBH5
ALOX12,ALOX12,ALOX12
ALOX12B,ALOX12B,ALOX12B
ALOX15,ALOX15,ALOX15
ALOX15B,ALOX15B,ALOX15B
ALOX5,ALOX5,ALOX5
ALPG,ALPG,ALPG
ALPI,ALPI,ALPI
ALPL,ALPL,ALPL
AMD1,AMD1,AMD1
AMDHD2,AMDHD2,AMDHD2
AMY1A,AMY1A,AMY1A
AMY2A,AMY2A,AMY2A
ANG,ANG,ANG
ANPEP,ANPEP,ANPEP
ANTXR2,ANTXR2,ANTXR2
AOC3,AOC3,AOC3
AOX1,AOX1,AOX1
APAF1,APAF1,APAF1
APEX1,APEX1,APEX1
APLNR,APLNR,APLNR
APOBEC3A,APOBEC3A,APOBEC3A
APOBEC3G,APOBEC3G,APOBEC3G
APOE,APOE,APOE
APP,APP,APP
AR,AR,AR
ARG1,ARG1,ARG1
ARG2,ARG2,ARG2
ARHGAP35,ARHGAP35,ARHGAP35
ASAH1,ASAH1,ASAH1
ASAH2,ASAH2,ASAH2
ASPH,ASPH,ASPH
ATG4B,ATG4B,ATG4B
ATIC,ATIC,ATIC
ATM,ATM,ATM
ATP12A,ATP12A,ATP12A
ATP1A1,ATP1A1,ATP1A1
ATP1A2,ATP1A2,ATP1A2
ATP1B2,ATP1B2,ATP1B2
ATP1B3,ATP1B3,ATP1B3
ATP2A2,ATP2A2,ATP2A2
ATP2A3,ATP2A3,ATP2A3
ATP4A,ATP4A,ATP4A
ATR,ATR,ATR
AURKA,AURKA,AURKA
AURKB,AURKB,AURKB
AURKC,AURKC,AURKC
AVPR1A,AVPR1A,AVPR1A
AVPR1B,AVPR1B,AVPR1B
AVPR2,AVPR2,AVPR2
AXL,AXL,AXL
BACE1,BACE1,BACE1
BAD,BAD,BAD
BARD1,BARD1,BARD1
BBOX1,BBOX1,BBOX1
BCHE,BCHE,BCHE
BCL2,BCL2,BCL2
BCL2A1,BCL2A1,BCL2A1
BCL2L1,BCL2L1,BCL2L1
BCL2L10,BCL2L10,BCL2L10
BCL2L11,BCL2L11,BCL2L11
BCL9,BCL9,BCL9
BDNF,BDNF,BDNF
BHMT,BHMT,BHMT
BHMT2,BHMT2,BHMT2
BIRC5,BIRC5,BIRC5
BLK,BLK,BLK
BLM,BLM,BLM
BMP2K,BMP2K,BMP2K
BMPR2,BMPR2,BMPR2
BRAF,BRAF,BRAF
BRD2,BRD2,BRD2
BRD3,BRD3,BRD3
BRD4,BRD4,BRD4
BRDT,BRDT,BRDT
BRSK1,BRSK1,BRSK1
BTK,BTK,BTK
BTN3A1,BTN3A1,BTN3A1
C3AR1,C3AR1,C3AR1
C5AR1,C5AR1,C5AR1
CA1,CA1,CA1
CA12,CA12,CA12
CA13,CA13,CA13
CA14,CA14,CA14
CA2,CA2,CA2
CA3,CA3,CA3
CA4,CA4,CA4
CA5A,CA5A,CA5A
CA5B,CA5B,CA5B
CA6,CA6,CA6
CA7,CA7,CA7
CA9,CA9,CA9
CACNA1B,CACNA1B,CACNA1B
CACNA1C,CACNA1C,CACNA1C
CACNA1G,CACNA1G,CACNA1G
CACNA1H,CACNA1H,CACNA1H
CACNA2D1,CACNA2D1,CACNA2D1
CACNA2D2,CACNA2D2,CACNA2D2
CACNB1,CACNB1,CACNB1
CACNB3,CACNB3,CACNB3
CAD,CAD,CAD
CALCRL,CALCRL,CALCRL
CALM1,CALM1,CALM1
CAMK1,CAMK1,CAMK1
CAMK1D,CAMK1D,CAMK1D
CAMK2A,CAMK2A,CAMK2A
CAMK2B,CAMK2B,CAMK2B
CAMK2D,CAMK2D,CAMK2D
CAMK2G,CAMK2G,CAMK2G
CAMKK2,CAMKK2,CAMKK2
CAPN1,CAPN1,CAPN1
CAPN2,CAPN2,CAPN2
CARM1,CARM1,CARM1
CASP1,CASP1,CASP1
CASP2,CASP2,CASP2
CASP3,CASP3,CASP3
CASP4,CASP4,CASP4
CASP5,CASP5,CASP5
CASP7,CASP7,CASP7
CASP8,CASP8,CASP8
CASP9,CASP9,CASP9
CASR,CASR,CASR
CBR1,CBR1,CBR1
CBS,CBS,CBS
CCKBR,CCKBR,CCKBR
CCL2,CCL2,CCL2
CCL4,CCL4,CCL4
CCNC,CCNC,CCNC
CCNT1,CCNT1,CCNT1
CCR1,CCR1,CCR1
CCR2,CCR2,CCR2
CCR3,CCR3,CCR3
CCR4,CCR4,CCR4
CCR5,CCR5,CCR5
CCR6,CCR6,CCR6
CCR8,CCR8,CCR8
CD209,CD209,CD209
CD274,CD274,CD274
CD38,CD38,CD38
CD44,CD44,CD44
CD69,CD69,CD69
CD81,CD81,CD81
CDA,CDA,CDA
CDC25A,CDC25A,CDC25A
CDC25B,CDC25B,CDC25B
CDC25C,CDC25C,CDC25C
CDC42,CDC42,CDC42
CDC42BPA,CDC42BPA,CDC42BPA
CDC42BPB,CDC42BPB,CDC42BPB
CDC7,CDC7,CDC7
CDK1,CDK1,CDK1
CDK2,CDK2,CDK2
CDK4,CDK4,CDK4
CDK5,CDK5,CDK5
CDK5R1,CDK5R1,CDK5R1
CDK6,CDK6,CDK6
CDK7,CDK7,CDK7
CDK8,CDK8,CDK8
CDK9,CDK9,CDK9
CELA1,CELA1,CELA1
CES1,CES1,CES1
CES2,CES2,CES2
CETP,CETP,CETP
CFD,CFD,CFD
CFTR,CFTR,CFTR
CGAS,CGAS,CGAS
CHAT,CHAT,CHAT
CHEK1,CHEK1,CHEK1
CHEK2,CHEK2,CHEK2
CHIA,CHIA,CHIA
CHIT1,CHIT1,CHIT1
CHRM1,CHRM1,CHRM1
CHRM2,CHRM2,CHRM2
CHRM3,CHRM3,CHRM3
CHRM4,CHRM4,CHRM4
CHRM5,CHRM5,CHRM5
CHRNA1,CHRNA1,CHRNA1
CHRNA2,CHRNA2,CHRNA2
CHRNA3,CHRNA3,CHRNA3
CHRNA4,CHRNA4,CHRNA4
CHRNA7,CHRNA7,CHRNA7
CHRNB2,CHRNB2,CHRNB2
CHRNB4,CHRNB4,CHRNB4
CHUK,CHUK,CHUK
CISD1,CISD1,CISD1
CLK1,CLK1,CLK1
CLK2,CLK2,CLK2
CLK3,CLK3,CLK3
CLK4,CLK4,CLK4
CLPX,CLPX,CLPX
CMA1,CMA1,CMA1
CMKLR1,CMKLR1,CMKLR1
CNDP2,CNDP2,CNDP2
CNR1,CNR1,CNR1
CNR2,CNR2,CNR2
COPS5,COPS5,COPS5
COXFA4,COXFA4,COXFA4
CPA1,CPA1,CPA1
CPA3,CPA3,CPA3
CPB1,CPB1,CPB1
CPB2,CPB2,CPB2
CPM,CPM,CPM
CPN1,CPN1,CPN1
CPT1A,CPT1A,CPT1A
CPT1B,CPT1B,CPT1B
CPT2,CPT2,CPT2
CRBN,CRBN,CRBN
CREBBP,CREBBP,CREBBP
CRHBP,CRHBP,CRHBP
CRYAA,CRYAA,CRYAA
CRYAB,CRYAB,CRYAB
CSF1R,CSF1R,CSF1R
CSK,CSK,CSK
CSNK1A1,CSNK1A1,CSNK1A1
CSNK1D,CSNK1D,CSNK1D
CSNK1E,CSNK1E,CSNK1E
CSNK1G1,CSNK1G1,CSNK1G1
CSNK1G2,CSNK1G2,CSNK1G2
CSNK1G3,CSNK1G3,CSNK1G3
CSNK2A1,CSNK2A1,CSNK2A1
CSNK2A2,CSNK2A2,CSNK2A2
CSNK2A3,CSNK2A3,CSNK2A3
CTBP1,CTBP1,CTBP1
CTBP2,CTBP2,CTBP2
CTDSP1,CTDSP1,CTDSP1
CTH,CTH,CTH
CTNNB1,CTNNB1,CTNNB1
CTRB1,CTRB1,CTRB1
CTRC,CTRC,CTRC
CTSB,CTSB,CTSB
CTSC,CTSC,CTSC
CTSD,CTSD,CTSD
CTSG,CTSG,CTSG
CTSH,CTSH,CTSH
CTSK,CTSK,CTSK
CTSL,CTSL,CTSL
CTSS,CTSS,CTSS
CTSV,CTSV,CTSV
CXCL12,CXCL12,CXCL12
CXCL8,CXCL8,CXCL8
CXCR1,CXCR1,CXCR1
CXCR3,CXCR3,CXCR3
CXCR4,CXCR4,CXCR4
CXCR5,CXCR5,CXCR5
CYP11B1,CYP11B1,CYP11B1
CYP11B2,CYP11B2,CYP11B2
CYP17A1,CYP17A1,CYP17A1
CYP19A1,CYP19A1,CYP19A1
CYP1A1,CYP1A1,CYP1A1
CYP1A2,CYP1A2,CYP1A2
CYP1B1,CYP1B1,CYP1B1
CYP21A2,CYP21A2,CYP21A2
CYP24A1,CYP24A1,CYP24A1
CYP26A1,CYP26A1,CYP26A1
CYP27B1,CYP27B1,CYP27B1
CYP2A13,CYP2A13,CYP2A13
CYP2A6,CYP2A6,CYP2A6
CYP2B6,CYP2B6,CYP2B6
CYP2C19,CYP2C19,CYP2C19
CYP2C8,CYP2C8,CYP2C8
CYP2C9,CYP2C9,CYP2C9
CYP2D6,CYP2D6,CYP2D6
CYP2E1,CYP2E1,CYP2E1
CYP2J2,CYP2J2,CYP2J2
CYP3A4,CYP3A4,CYP3A4
CYP3A43,CYP3A43,CYP3A43
CYP3A5,CYP3A5,CYP3A5
CYP46A1,CYP46A1,CYP46A1
CYP4A11,CYP4A11,CYP4A11
CYP4B1,CYP4B1,CYP4B1
CYP4F2,CYP4F2,CYP4F2
CYP4Z1,CYP4Z1,CYP4Z1
CYP7A1,CYP7A1,CYP7A1
CYP7B1,CYP7B1,CYP7B1
CYP8B1,CYP8B1,CYP8B1
CYSLTR1,CYSLTR1,CYSLTR1
CYSLTR2,CYSLTR2,CYSLTR2
DAB2,DAB2,DAB2
DAB2IP,DAB2IP,DAB2IP
DAGLA,DAGLA,DAGLA
DAO,DAO,DAO
DAPK1,DAPK1,DAPK1
DAPK2,DAPK2,DAPK2
DAPK3,DAPK3,DAPK3
DBF4,DBF4,DBF4
DBH,DBH,DBH
DCK,DCK,DCK
DCLK1,DCLK1,DCLK1
DCPS,DCPS,DCPS
DCUN1D1,DCUN1D1,DCUN1D1
DDAH1,DDAH1,DDAH1
DDB1,DDB1,DDB1
DDC,DDC,DDC
DEGS1,DEGS1,DEGS1
DGKA,DGKA,DGKA
DHCR24,DHCR24,DHCR24
DHCR7,DHCR7,DHCR7
DHFR,DHFR,DHFR
DHODH,DHODH,DHODH
DHPS,DHPS,DHPS
DLAT,DLAT,DLAT
DNM1,DNM1,DNM1
DNMT1,DNMT1,DNMT1
DNMT3B,DNMT3B,DNMT3B
DNPEP,DNPEP,DNPEP
DNPH1,DNPH1,DNPH1
DOHH,DOHH,DOHH
DOT1L,DOT1L,DOT1L
DPP3,DPP3,DPP3
DPP4,DPP4,DPP4
DPP7,DPP7,DPP7
DPP8,DPP8,DPP8
DPP9,DPP9,DPP9
DRD1,DRD1,DRD1
DRD2,DRD2,DRD2
DRD3,DRD3,DRD3
DRD4,DRD4,DRD4
DRD5,DRD5,DRD5
DTYMK,DTYMK,DTYMK
DUSP1,DUSP1,DUSP1
DUSP3,DUSP3,DUSP3
DUSP6,DUSP6,DUSP6
DYRK1A,DYRK1A,DYRK1A
DYRK1B,DYRK1B,DYRK1B
DYRK2,DYRK2,DYRK2
DYRK3,DYRK3,DYRK3
DYRK4,DYRK4,DYRK4
E6,E6,E6
EBP,EBP,EBP
ECE1,ECE1,ECE1
EDNRA,EDNRA,EDNRA
EDNRB,EDNRB,EDNRB
EED,EED,EED
EEF2K,EEF2K,EEF2K
EGFR,EGFR,EGFR
EGLN1,EGLN1,EGLN1
EGLN2,EGLN2,EGLN2
EHMT1,EHMT1,EHMT1
EHMT2,EHMT2,EHMT2
EIF4A1,EIF4A1,EIF4A1
EIF4E,EIF4E,EIF4E
EIF4G1,EIF4G1,EIF4G1
EIF4H,EIF4H,EIF4H
ELANE,ELANE,ELANE
ELAVL1,ELAVL1,ELAVL1
ELAVL3,ELAVL3,ELAVL3
ELOC,ELOC,ELOC
ENGASE,ENGASE,ENGASE
ENPEP,ENPEP,ENPEP
ENPP1,ENPP1,ENPP1
ENPP2,ENPP2,ENPP2
ENTPD5,ENTPD5,ENTPD5
EP300,EP300,EP300
EPAS1,EPAS1,EPAS1
EPHA2,EPHA2,EPHA2
EPHB4,EPHB4,EPHB4
EPHX1,EPHX1,EPHX1
EPHX2,EPHX2,EPHX2
ERAP1,ERAP1,ERAP1
ERAP2,ERAP2,ERAP2
ERBB2,ERBB2,ERBB2
ERBB4,ERBB4,ERBB4
ERCC5,ERCC5,ERCC5
ERN1,ERN1,ERN1
ESR1,ESR1,ESR1
ESR2,ESR2,ESR2
ESRRA,ESRRA,ESRRA
ESRRB,ESRRB,ESRRB
ESRRG,ESRRG,ESRRG
EZH1,EZH1,EZH1
EZH2,EZH2,EZH2
F10,F10,F10
F11,F11,F11
F12,F12,F12
F13A1,F13A1,F13A1
F2,F2,F2
F2R,F2R,F2R
F2RL3,F2RL3,F2RL3
F3,F3,F3
FAAH,FAAH,FAAH
FABP1,FABP1,FABP1
FABP2,FABP2,FABP2
FABP3,FABP3,FABP3
FABP4,FABP4,FABP4
FABP5,FABP5,FABP5
FABP7,FABP7,FABP7
FAP,FAP,FAP
FASN,FASN,FASN
FBP1,FBP1,FBP1
FDFT1,FDFT1,FDFT1
FDPS,FDPS,FDPS
FEN1,FEN1,FEN1
FER,FER,FER
FES,FES,FES
FFAR1,FFAR1,FFAR1
FFAR4,FFAR4,FFAR4
FGB,FGB,FGB
FGF1,FGF1,FGF1
FGF2,FGF2,FGF2
FGFR1,FGFR1,FGFR1
FGFR3,FGFR3,FGFR3
FGFR4,FGFR4,FGFR4
FHIT,FHIT,FHIT
FKBP1A,FKBP1A,FKBP1A
FKBP1B,FKBP1B,FKBP1B
FKBP4,FKBP4,FKBP4
FKBP5,FKBP5,FKBP5
FLT1,FLT1,FLT1
FLT3,FLT3,FLT3
FLT4,FLT4,FLT4
FNTA,FNTA,FNTA
FNTB,FNTB,FNTB
FOLH1,FOLH1,FOLH1
FOLR1,FOLR1,FOLR1
FOLR2,FOLR2,FOLR2
FPGS,FPGS,FPGS
FPR1,FPR1,FPR1
FPR2,FPR2,FPR2
FPR3,FPR3,FPR3
FRK,FRK,FRK
FTH1,FTH1,FTH1
FTO,FTO,FTO
FUCA1,FUCA1,FUCA1
FUNDC1,FUNDC1,FUNDC1
FUT2,FUT2,FUT2
FUT4,FUT4,FUT4
FUT6,FUT6,FUT6
FUT7,FUT7,FUT7
FYN,FYN,FYN
G6PD,G6PD,G6PD
GAA,GAA,GAA
GABBR1,GABBR1,GABBR1
GABRA1,GABRA1,GABRA1
GABRA2,GABRA2,GABRA2
GABRA3,GABRA3,GABRA3
GABRA4,GABRA4,GABRA4
GABRA5,GABRA5,GABRA5
GABRA6,GABRA6,GABRA6
GABRB2,GABRB2,GABRB2
GABRB3,GABRB3,GABRB3
GABRG2,GABRG2,GABRG2
GABRR1,GABRR1,GABRR1
GABRR2,GABRR2,GABRR2
GABRR3,GABRR3,GABRR3
GAK,GAK,GAK
GALNT1,GALNT1,GALNT1
GALNT10,GALNT10,GALNT10
GALNT14,GALNT14,GALNT14
GALNT2,GALNT2,GALNT2
GALNT3,GALNT3,GALNT3
GALNT6,GALNT6,GALNT6
GALR3,GALR3,GALR3
GANAB,GANAB,GANAB
GANC,GANC,GANC
GAPDH,GAPDH,GAPDH
GART,GART,GART
GBA1,GBA1,GBA1
GBA2,GBA2,GBA2
GC,GC,GC
GDA,GDA,GDA
GFPT1,GFPT1,GFPT1
GGH,GGH,GGH
GGPS1,GGPS1,GGPS1
GGT1,GGT1,GGT1
GHSR,GHSR,GHSR
GID4,GID4,GID4
GJB2,GJB2,GJB2
GLA,GLA,GLA
GLB1,GLB1,GLB1
GLI1,GLI1,GLI1
GLI2,GLI2,GLI2
GLO1,GLO1,GLO1
GLRA1,GLRA1,GLRA1
GLRA3,GLRA3,GLRA3
GLS,GLS,GLS
GLUL,GLUL,GLUL
GNPAT,GNPAT,GNPAT
GOT1,GOT1,GOT1
GP6,GP6,GP6
GPBAR1,GPBAR1,GPBAR1
GPC3,GPC3,GPC3
GPER1,GPER1,GPER1
GPR119,GPR119,GPR119
GPR132,GPR132,GPR132
GPR17,GPR17,GPR17
GPR174,GPR174,GPR174
GPR18,GPR18,GPR18
GPR183,GPR183,GPR183
GPR27,GPR27,GPR27
GPR3,GPR3,GPR3
GPR34,GPR34,GPR34
GPR35,GPR35,GPR35
GPR39,GPR39,GPR39
GPR52,GPR52,GPR52
GPR55,GPR55,GPR55
GPR65,GPR65,GPR65
GPR84,GPR84,GPR84
GRB2,GRB2,GRB2
GRIA1,GRIA1,GRIA1
GRIA2,GRIA2,GRIA2
GRIA3,GRIA3,GRIA3
GRIA4,GRIA4,GRIA4
GRIK1,GRIK1,GRIK1
GRIK2,GRIK2,GRIK2
GRIK3,GRIK3,GRIK3
GRIK4,GRIK4,GRIK4
GRIK5,GRIK5,GRIK5
GRIN1,GRIN1,GRIN1
GRIN2A,GRIN2A,GRIN2A
GRIN2B,GRIN2B,GRIN2B
GRIN2D,GRIN2D,GRIN2D
GRK2,GRK2,GRK2
GRK5,GRK5,GRK5
GRK6,GRK6,GRK6
GRM1,GRM1,GRM1
GRM2,GRM2,GRM2
GRM3,GRM3,GRM3
GRM4,GRM4,GRM4
GRM5,GRM5,GRM5
GRM6,GRM6,GRM6
GRM7,GRM7,GRM7
GRM8,GRM8,GRM8
GSK3A,GSK3A,GSK3A
GSK3B,GSK3B,GSK3B
GSR,GSR,GSR
GSTA1,GSTA1,GSTA1
GSTA2,GSTA2,GSTA2
GSTK1,GSTK1,GSTK1
GSTM1,GSTM1,GSTM1
GSTM2,GSTM2,GSTM2
GSTO1,GSTO1,GSTO1
GSTP1,GSTP1,GSTP1
GSTT1,GSTT1,GSTT1
GUSB,GUSB,GUSB
GYS2,GYS2,GYS2
HAO1,HAO1,HAO1
HASPIN,HASPIN,HASPIN
HAT1,HAT1,HAT1
HCAR2,HCAR2,HCAR2
HCAR3,HCAR3,HCAR3
HCK,HCK,HCK
HCRTR1,HCRTR1,HCRTR1
HCRTR2,HCRTR2,HCRTR2
HDAC1,HDAC1,HDAC1
HDAC10,HDAC10,HDAC10
HDAC11,HDAC11,HDAC11
HDAC2,HDAC2,HDAC2
HDAC3,HDAC3,HDAC3
HDAC4,HDAC4,HDAC4
HDAC5,HDAC5,HDAC5
HDAC6,HDAC6,HDAC6
HDAC7,HDAC7,HDAC7
HDAC8,HDAC8,HDAC8
HDAC9,HDAC9,HDAC9
HEXA,HEXA,HEXA
HEXB,HEXB,HEXB
HGFAC,HGFAC,HGFAC
HIF1A,HIF1A,HIF1A
HIF1AN,HIF1AN,HIF1AN
HIPK2,HIPK2,HIPK2
HIPK4,HIPK4,HIPK4
HK1,HK1,HK1
HK2,HK2,HK2
HKDC1,HKDC1,HKDC1
HLA-A,HLA-A,HLA-A
HMGB1,HMGB1,HMGB1
HMGCR,HMGCR,HMGCR
HNF4A,HNF4A,HNF4A
HNRNPA1,HNRNPA1,HNRNPA1
HPGD,HPGD,HPGD
HPGDS,HPGDS,HPGDS
HPN,HPN,HPN
HPRT1,HPRT1,HPRT1
HPSE,HPSE,HPSE
HRAS,HRAS,HRAS
HRH1,HRH1,HRH1
HRH2,HRH2,HRH2
HRH3,HRH3,HRH3
HRH4,HRH4,HRH4
HSD11B1,HSD11B1,HSD11B1
HSD11B2,HSD11B2,HSD11B2
HSD17B1,HSD17B1,HSD17B1
HSD17B13,HSD17B13,HSD17B13
HSD17B2,HSD17B2,HSD17B2
HSD17B3,HSD17B3,HSD17B3
HSP90AA1,HSP90AA1,HSP90AA1
HSP90AB1,HSP90AB1,HSP90AB1
HSP90B1,HSP90B1,HSP90B1
HSPA1A,HSPA1A,HSPA1A
HSPA5,HSPA5,HSPA5
HSPA8,HSPA8,HSPA8
HSPD1,HSPD1,HSPD1
HTR1A,HTR1A,HTR1A
HTR1B,HTR1B,HTR1B
HTR1D,HTR1D,HTR1D
HTR1E,HTR1E,HTR1E
HTR1F,HTR1F,HTR1F
HTR2A,HTR2A,HTR2A
HTR2B,HTR2B,HTR2B
HTR2C,HTR2C,HTR2C
HTR3A,HTR3A,HTR3A
HTR4,HTR4,HTR4
HTR5A,HTR5A,HTR5A
HTR6,HTR6,HTR6
HTR7,HTR7,HTR7
HTT,HTT,HTT
IAPP,IAPP,IAPP
ICAM1,ICAM1,ICAM1
ICMT,ICMT,ICMT
IDE,IDE,IDE
IDH1,IDH1,IDH1
IDO1,IDO1,IDO1
IDUA,IDUA,IDUA
IGF1R,IGF1R,IGF1R
IGF2BP1,IGF2BP1,IGF2BP1
IGF2R,IGF2R,IGF2R
IGFBP3,IGFBP3,IGFBP3
IGLV6-57,IGLV6-57,IGLV6-57
IKBKB,IKBKB,IKBKB
IKBKE,IKBKE,IKBKE
IL1B,IL1B,IL1B
IL1RN,IL1RN,IL1RN
IL2,IL2,IL2
IL6,IL6,IL6
ILK,ILK,ILK
IMPDH1,IMPDH1,IMPDH1
IMPDH2,IMPDH2,IMPDH2
INHA,INHA,INHA
INMT,INMT,INMT
INPP5A,INPP5A,INPP5A
INPPL1,INPPL1,INPPL1
INSR,INSR,INSR
INTEGRASE,INTEGRASE,INTEGRASE
IP6K1,IP6K1,IP6K1
IP6K2,IP6K2,IP6K2
IPMK,IPMK,IPMK
IRAK1,IRAK1,IRAK1
IRAK4,IRAK4,IRAK4
ITGA2B,ITGA2B,ITGA2B
ITGAL,ITGAL,ITGAL
ITGB3,ITGB3,ITGB3
ITK,ITK,ITK
ITPR1,ITPR1,ITPR1
ITPR2,ITPR2,ITPR2
ITPR3,ITPR3,ITPR3
IYD,IYD,IYD
JAK2,JAK2,JAK2
JAK3,JAK3,JAK3
JUN,JUN,JUN
KARS1,KARS1,KARS1
KAT2B,KAT2B,KAT2B
KAT5,KAT5,KAT5
KAT8,KAT8,KAT8
KCNA1,KCNA1,KCNA1
KCNA2,KCNA2,KCNA2
KCNA3,KCNA3,KCNA3
KCNA4,KCNA4,KCNA4
KCNA5,KCNA5,KCNA5
KCNA6,KCNA6,KCNA6
KCNA7,KCNA7,KCNA7
KCND3,KCND3,KCND3
KCNH2,KCNH2,KCNH2
KCNK2,KCNK2,KCNK2
KCNK3,KCNK3,KCNK3
KCNK9,KCNK9,KCNK9
KCNMA1,KCNMA1,KCNMA1
KCNN1,KCNN1,KCNN1
KCNN2,KCNN2,KCNN2
KCNN3,KCNN3,KCNN3
KCNN4,KCNN4,KCNN4
KCNT1,KCNT1,KCNT1
KDM1A,KDM1A,KDM1A
KDM2A,KDM2A,KDM2A
KDM3A,KDM3A,KDM3A
KDM4A,KDM4A,KDM4A
KDM4B,KDM4B,KDM4B
KDM4C,KDM4C,KDM4C
KDM4D,KDM4D,KDM4D
KDM4E,KDM4E,KDM4E
KDM5A,KDM5A,KDM5A
KDM5B,KDM5B,KDM5B
KDM5C,KDM5C,KDM5C
KDM5D,KDM5D,KDM5D
KDM6A,KDM6A,KDM6A
KDM6B,KDM6B,KDM6B
KDM7A,KDM7A,KDM7A
KDR,KDR,KDR
KEAP1,KEAP1,KEAP1
KHK,KHK,KHK
KIF11,KIF11,KIF11
KIFC1,KIFC1,KIFC1
KISS1R,KISS1R,KISS1R
KIT,KIT,KIT
KLF5,KLF5,KLF5
KLK1,KLK1,KLK1
KLK2,KLK2,KLK2
KLK5,KLK5,KLK5
KLK7,KLK7,KLK7
KLKB1,KLKB1,KLKB1
KMO,KMO,KMO
KMT2A,KMT2A,KMT2A
KMT5A,KMT5A,KMT5A
KPNA2,KPNA2,KPNA2
KYNU,KYNU,KYNU
L3MBTL1,L3MBTL1,L3MBTL1
LANCL2,LANCL2,LANCL2
LAP3,LAP3,LAP3
LARGE1,LARGE1,LARGE1
LATS1,LATS1,LATS1
LCAT,LCAT,LCAT
LCK,LCK,LCK
LDHA,LDHA,LDHA
LDHB,LDHB,LDHB
LGALS1,LGALS1,LGALS1
LGALS3,LGALS3,LGALS3
LGALS4,LGALS4,LGALS4
LGALS8,LGALS8,LGALS8
LGALS9,LGALS9,LGALS9
LIMK1,LIMK1,LIMK1
LIMK2,LIMK2,LIMK2
LIN28A,LIN28A,LIN28A
LIPG,LIPG,LIPG
LITAF,LITAF,LITAF
LNPEP,LNPEP,LNPEP
LOX,LOX,LOX
LOXL2,LOXL2,LOXL2
LPAR1,LPAR1,LPAR1
LPAR2,LPAR2,LPAR2
LPAR3,LPAR3,LPAR3
LPAR4,LPAR4,LPAR4
LPAR5,LPAR5,LPAR5
LPAR6,LPAR6,LPAR6
LPL,LPL,LPL
LRRK2,LRRK2,LRRK2
LSS,LSS,LSS
LTA,LTA,LTA
LTA4H,LTA4H,LTA4H
LTB4R,LTB4R,LTB4R
LTB4R2,LTB4R2,LTB4R2
LTK,LTK,LTK
LY96,LY96,LY96
LYN,LYN,LYN
LYPLA1,LYPLA1,LYPLA1
LYPLA2,LYPLA2,LYPLA2
MAG,MAG,MAG
MALT1,MALT1,MALT1
MAN1B1,MAN1B1,MAN1B1
MAN2A1,MAN2A1,MAN2A1
MAOA,MAOA,MAOA
MAOB,MAOB,MAOB
MAP1LC3B,MAP1LC3B,MAP1LC3B
MAP2,MAP2,MAP2
MAP2K1,MAP2K1,MAP2K1
MAP2K2,MAP2K2,MAP2K2
MAP2K4,MAP2K4,MAP2K4
MAP2K5,MAP2K5,MAP2K5
MAP2K7,MAP2K7,MAP2K7
MAP3K10,MAP3K10,MAP3K10
MAP3K11,MAP3K11,MAP3K11
MAP3K20,MAP3K20,MAP3K20
MAP3K5,MAP3K5,MAP3K5
MAP3K7,MAP3K7,MAP3K7
MAP3K8,MAP3K8,MAP3K8
MAP4K1,MAP4K1,MAP4K1
MAP4K2,MAP4K2,MAP4K2
MAP4K4,MAP4K4,MAP4K4
MAP4K5,MAP4K5,MAP4K5
MAPK1,MAPK1,MAPK1
MAPK10,MAPK10,MAPK10
MAPK12,MAPK12,MAPK12
MAPK13,MAPK13,MAPK13
MAPK14,MAPK14,MAPK14
MAPK3,MAPK3,MAPK3
MAPK8,MAPK8,MAPK8
MAPK9,MAPK9,MAPK9
MAPKAPK2,MAPKAPK2,MAPKAPK2
MAPKAPK3,MAPKAPK3,MAPKAPK3
MAPKAPK5,MAPKAPK5,MAPKAPK5
MAPT,MAPT,MAPT
MARK2,MARK2,MARK2
MARK3,MARK3,MARK3
MARK4,MARK4,MARK4
MASP2,MASP2,MASP2
MATK,MATK,MATK
MB,MB,MB
MBD2,MBD2,MBD2
MBNL1,MBNL1,MBNL1
MBOAT4,MBOAT4,MBOAT4
MC1R,MC1R,MC1R
MC3R,MC3R,MC3R
MC4R,MC4R,MC4R
MC5R,MC5R,MC5R
MCHR1,MCHR1,MCHR1
MCL1,MCL1,MCL1
MCOLN3,MCOLN3,MCOLN3
MDK,MDK,MDK
MDM2,MDM2,MDM2
MDM4,MDM4,MDM4
ME1,ME1,ME1
ME2,ME2,ME2
ME3,ME3,ME3
MELK,MELK,MELK
MET,MET,MET
METAP1,METAP1,METAP1
METAP2,METAP2,METAP2
METTL3,METTL3,METTL3
MGAM,MGAM,MGAM
MGAM2,MGAM2,MGAM2
MGLL,MGLL,MGLL
MGMT,MGMT,MGMT
MIF,MIF,MIF
MINK1,MINK1,MINK1
MKNK1,MKNK1,MKNK1
MKNK2,MKNK2,MKNK2
MLST8,MLST8,MLST8
MME,MME,MME
MMP1,MMP1,MMP1
MMP12,MMP12,MMP12
MMP13,MMP13,MMP13
MMP14,MMP14,MMP14
MMP2,MMP2,MMP2
MMP3,MMP3,MMP3
MMP7,MMP7,MMP7
MMP8,MMP8,MMP8
MMP9,MMP9,MMP9
MPEG1,MPEG1,MPEG1
MPG,MPG,MPG
MPI,MPI,MPI
MPL,MPL,MPL
MPO,MPO,MPO
MRGPRX2,MRGPRX2,MRGPRX2
MRGPRX4,MRGPRX4,MRGPRX4
MSR1,MSR1,MSR1
MST1R,MST1R,MST1R
MT-CYB,MT-CYB,MT-CYB
MT2A,MT2A,MT2A
MTHFD1,MTHFD1,MTHFD1
MTHFD2,MTHFD2,MTHFD2
MTHFR,MTHFR,MTHFR
MTNR1A,MTNR1A,MTNR1A
MTNR1B,MTNR1B,MTNR1B
MTOR,MTOR,MTOR
MVD,MVD,MVD
MYC,MYC,MYC
MYLK,MYLK,MYLK
MYOC,MYOC,MYOC
NAA40,NAA40,NAA40
NAA50,NAA50,NAA50
NAAA,NAAA,NAAA
NAALAD2,NAALAD2,NAALAD2
NADK,NADK,NADK
NAE1,NAE1,NAE1
NAMPT,NAMPT,NAMPT
NAPEPLD,NAPEPLD,NAPEPLD
NAPRT,NAPRT,NAPRT
NAT1,NAT1,NAT1
NAT10,NAT10,NAT10
NAT2,NAT2,NAT2
NCF1,NCF1,NCF1
NCOA1,NCOA1,NCOA1
NCOA3,NCOA3,NCOA3
NCOR2,NCOR2,NCOR2
NDUFB9,NDUFB9,NDUFB9
NEK2,NEK2,NEK2
NEK4,NEK4,NEK4
NEK6,NEK6,NEK6
NEK7,NEK7,NEK7
NFE2L2,NFE2L2,NFE2L2
NFKB1,NFKB1,NFKB1
NISCH,NISCH,NISCH
NLN,NLN,NLN
NLRP1,NLRP1,NLRP1
NLRP3,NLRP3,NLRP3
NMUR2,NMUR2,NMUR2
NNMT,NNMT,NNMT
NOD1,NOD1,NOD1
NOD2,NOD2,NOD2
NOS1,NOS1,NOS1
NOS2,NOS2,NOS2
NOS3,NOS3,NOS3
NOTUM,NOTUM,NOTUM
NOX1,NOX1,NOX1
NOX4,NOX4,NOX4
NPBWR1,NPBWR1,NPBWR1
NPC1,NPC1,NPC1
NPC1L1,NPC1L1,NPC1L1
NPEPPS,NPEPPS,NPEPPS
NPFFR2,NPFFR2,NPFFR2
NPY1R,NPY1R,NPY1R
NPY2R,NPY2R,NPY2R
NPY4R,NPY4R,NPY4R
NPY5R,NPY5R,NPY5R
NQO1,NQO1,NQO1
NQO2,NQO2,NQO2
NR0B1,NR0B1,NR0B1
NR1H2,NR1H2,NR1H2
NR1H3,NR1H3,NR1H3
NR1H4,NR1H4,NR1H4
NR1I2,NR1I2,NR1I2
NR1I3,NR1I3,NR1I3
NR2E1,NR2E1,NR2E1
NR2E3,NR2E3,NR2E3
NR3C1,NR3C1,NR3C1
NR3C2,NR3C2,NR3C2
NR4A1,NR4A1,NR4A1
NR4A2,NR4A2,NR4A2
NR5A1,NR5A1,NR5A1
NR5A2,NR5A2,NR5A2
NRIP1,NRIP1,NRIP1
NRP1,NRP1,NRP1
NSD2,NSD2,NSD2
NT5E,NT5E,NT5E
NTRK1,NTRK1,NTRK1
NTRK2,NTRK2,NTRK2
NTRK3,NTRK3,NTRK3
NTSR1,NTSR1,NTSR1
NUAK1,NUAK1,NUAK1
NUDT1,NUDT1,NUDT1
OAT,OAT,OAT
ODC1,ODC1,ODC1
OGA,OGA,OGA
OPRD1,OPRD1,OPRD1
OPRK1,OPRK1,OPRK1
OPRM1,OPRM1,OPRM1
OR51E2,OR51E2,OR51E2
OSBP,OSBP,OSBP
OSBP2,OSBP2,OSBP2
OXER1,OXER1,OXER1
OXTR,OXTR,OXTR
P2RX1,P2RX1,P2RX1
P2RX2,P2RX2,P2RX2
P2RX3,P2RX3,P2RX3
P2RX4,P2RX4,P2RX4
P2RX7,P2RX7,P2RX7
P2RY1,P2RY1,P2RY1
P2RY10,P2RY10,P2RY10
P2RY11,P2RY11,P2RY11
P2RY12,P2RY12,P2RY12
P2RY14,P2RY14,P2RY14
P2RY2,P2RY2,P2RY2
P2RY4,P2RY4,P2RY4
P2RY6,P2RY6,P2RY6
P4HA1,P4HA1,P4HA1
P4HB,P4HB,P4HB
P4HTM,P4HTM,P4HTM
PABPC1,PABPC1,PABPC1
PADI3,PADI3,PADI3
PAK1,PAK1,PAK1
PAK4,PAK4,PAK4
PAM,PAM,PAM
PAOX,PAOX,PAOX
PARN,PARN,PARN
PARP1,PARP1,PARP1
PARP10,PARP10,PARP10
PARP12,PARP12,PARP12
PARP14,PARP14,PARP14
PARP15,PARP15,PARP15
PARP16,PARP16,PARP16
PASK,PASK,PASK
PBK,PBK,PBK
PC,PC,PC
PDCD4,PDCD4,PDCD4
PDE10A,PDE10A,PDE10A
PDE1B,PDE1B,PDE1B
PDE2A,PDE2A,PDE2A
PDE3A,PDE3A,PDE3A
PDE3B,PDE3B,PDE3B
PDE4A,PDE4A,PDE4A
PDE4B,PDE4B,PDE4B
PDE4D,PDE4D,PDE4D
PDE5A,PDE5A,PDE5A
PDE6C,PDE6C,PDE6C
PDE6D,PDE6D,PDE6D
PDE7A,PDE7A,PDE7A
PDE9A,PDE9A,PDE9A
PDGFRA,PDGFRA,PDGFRA
PDGFRB,PDGFRB,PDGFRB
PDIA3,PDIA3,PDIA3
PDIA4,PDIA4,PDIA4
PDK1,PDK1,PDK1
PDK2,PDK2,PDK2
PDK3,PDK3,PDK3
PDK4,PDK4,PDK4
PDPK1,PDPK1,PDPK1
PELI1,PELI1,PELI1
PEPD,PEPD,PEPD
PFKFB3,PFKFB3,PFKFB3
PFKFB4,PFKFB4,PFKFB4
PGA5,PGA5,PGA5
PGAM1,PGAM1,PGAM1
PGD,PGD,PGD
PGF,PGF,PGF
PGK1,PGK1,PGK1
PGR,PGR,PGR
PHF8,PHF8,PHF8
PHGDH,PHGDH,PHGDH
PHKG2,PHKG2,PHKG2
PHLPP1,PHLPP1,PHLPP1
PI4K2A,PI4K2A,PI4K2A
PIK3CA,PIK3CA,PIK3CA
PIK3CB,PIK3CB,PIK3CB
PIK3CD,PIK3CD,PIK3CD
PIK3CG,PIK3CG,PIK3CG
PIK3R1,PIK3R1,PIK3R1
PIM1,PIM1,PIM1
PIM2,PIM2,PIM2
PIM3,PIM3,PIM3
PIN1,PIN1,PIN1
PKD1,PKD1,PKD1
PKLR,PKLR,PKLR
PKM,PKM,PKM
PKN1,PKN1,PKN1
PKN2,PKN2,PKN2
PLA2G10,PLA2G10,PLA2G10
PLA2G1B,PLA2G1B,PLA2G1B
PLA2G2A,PLA2G2A,PLA2G2A
PLA2G4A,PLA2G4A,PLA2G4A
PLA2G4B,PLA2G4B,PLA2G4B
PLA2G5,PLA2G5,PLA2G5
PLA2G6,PLA2G6,PLA2G6
PLA2G7,PLA2G7,PLA2G7
PLAA,PLAA,PLAA
PLAAT2,PLAAT2,PLAAT2
PLAAT3,PLAAT3,PLAAT3
PLAAT4,PLAAT4,PLAAT4
PLAAT5,PLAAT5,PLAAT5
PLAT,PLAT,PLAT
PLAU,PLAU,PLAU
PLCG1,PLCG1,PLCG1
PLCG2,PLCG2,PLCG2
PLEC,PLEC,PLEC
PLG,PLG,PLG
PLIN1,PLIN1,PLIN1
PLIN5,PLIN5,PLIN5
PLK1,PLK1,PLK1
PLK3,PLK3,PLK3
PLK4,PLK4,PLK4
PLOD2,PLOD2,PLOD2
PNKP,PNKP,PNKP
PNLIP,PNLIP,PNLIP
PNMT,PNMT,PNMT
PNP,PNP,PNP
PNPLA2,PNPLA2,PNPLA2
PNPO,PNPO,PNPO
POLA1,POLA1,POLA1
POLB,POLB,POLB
POLG,POLG,POLG
POLH,POLH,POLH
POLI,POLI,POLI
POLL,POLL,POLL
PON1,PON1,PON1
PPARA,PPARA,PPARA
PPARD,PPARD,PPARD
PPARG,PPARG,PPARG
PPIA,PPIA,PPIA
PPM1B,PPM1B,PPM1B
PPOX,PPOX,PPOX
PPP1CA,PPP1CA,PPP1CA
PPP1CC,PPP1CC,PPP1CC
PPP2R5A,PPP2R5A,PPP2R5A
PPP3CA,PPP3CA,PPP3CA
PPP5C,PPP5C,PPP5C
PREP,PREP,PREP
PRKAA1,PRKAA1,PRKAA1
PRKAA2,PRKAA2,PRKAA2
PRKAB1,PRKAB1,PRKAB1
PRKACA,PRKACA,PRKACA
PRKACB,PRKACB,PRKACB
PRKACG,PRKACG,PRKACG
PRKAR2B,PRKAR2B,PRKAR2B
PRKCA,PRKCA,PRKCA
PRKCD,PRKCD,PRKCD
PRKCE,PRKCE,PRKCE
PRKCG,PRKCG,PRKCG
PRKCH,PRKCH,PRKCH
PRKCQ,PRKCQ,PRKCQ
PRKCZ,PRKCZ,PRKCZ
PRKD2,PRKD2,PRKD2
PRKD3,PRKD3,PRKD3
PRKDC,PRKDC,PRKDC
PRKG1,PRKG1,PRKG1
PRKG2,PRKG2,PRKG2
PRKX,PRKX,PRKX
PRMT1,PRMT1,PRMT1
PRMT3,PRMT3,PRMT3
PRMT5,PRMT5,PRMT5
PRMT6,PRMT6,PRMT6
PRMT7,PRMT7,PRMT7
PRMT8,PRMT8,PRMT8
PRNP,PRNP,PRNP
PRPS1,PRPS1,PRPS1
PRSS1,PRSS1,PRSS1
PSEN1,PSEN1,PSEN1
PSIP1,PSIP1,PSIP1
PSMB1,PSMB1,PSMB1
PSMB2,PSMB2,PSMB2
PSMB5,PSMB5,PSMB5
PSMB8,PSMB8,PSMB8
PSMD14,PSMD14,PSMD14
PTAFR,PTAFR,PTAFR
PTEN,PTEN,PTEN
PTGDR,PTGDR,PTGDR
PTGDR2,PTGDR2,PTGDR2
PTGER1,PTGER1,PTGER1
PTGER2,PTGER2,PTGER2
PTGER3,PTGER3,PTGER3
PTGER4,PTGER4,PTGER4
PTGES,PTGES,PTGES
PTGFR,PTGFR,PTGFR
PTGIR,PTGIR,PTGIR
PTGS1,PTGS1,PTGS1
PTGS2,PTGS2,PTGS2
PTK2,PTK2,PTK2
PTK2B,PTK2B,PTK2B
PTK6,PTK6,PTK6
PTN,PTN,PTN
PTP4A3,PTP4A3,PTP4A3
PTPMT1,PTPMT1,PTPMT1
PTPN1,PTPN1,PTPN1
PTPN11,PTPN11,PTPN11
PTPN12,PTPN12,PTPN12
PTPN2,PTPN2,PTPN2
PTPN22,PTPN22,PTPN22
PTPN5,PTPN5,PTPN5
PTPN6,PTPN6,PTPN6
PTPN7,PTPN7,PTPN7
PTPRB,PTPRB,PTPRB
PTPRC,PTPRC,PTPRC
PTPRCAP,PTPRCAP,PTPRCAP
PTPRF,PTPRF,PTPRF
PTPRS,PTPRS,PTPRS
PYGL,PYGL,PYGL
QARS1,QARS1,QARS1
QPCT,QPCT,QPCT
RAB7A,RAB7A,RAB7A
RAC1,RAC1,RAC1
RACGAP1,RACGAP1,RACGAP1
RAD1,RAD1,RAD1
RAD51,RAD51,RAD51
RAD52,RAD52,RAD52
RAPGEF3,RAPGEF3,RAPGEF3
RAPGEF4,RAPGEF4,RAPGEF4
RARA,RARA,RARA
RARB,RARB,RARB
RARG,RARG,RARG
RBP4,RBP4,RBP4
RELA,RELA,RELA
REN,REN,REN
RET,RET,RET
RGS16,RGS16,RGS16
RGS17,RGS17,RGS17
RGS19,RGS19,RGS19
RGS4,RGS4,RGS4
RGS7,RGS7,RGS7
RGS8,RGS8,RGS8
RHOA,RHOA,RHOA
RIPK1,RIPK1,RIPK1
RIPK2,RIPK2,RIPK2
RLBP1,RLBP1,RLBP1
RNASE1,RNASE1,RNASE1
RNASEH1,RNASEH1,RNASEH1
RNASEL,RNASEL,RNASEL
RNMT,RNMT,RNMT
RNPEP,RNPEP,RNPEP
ROCK1,ROCK1,ROCK1
ROCK2,ROCK2,ROCK2
ROR1,ROR1,ROR1
RORA,RORA,RORA
RORB,RORB,RORB
RORC,RORC,RORC
ROS1,ROS1,ROS1
RPA1,RPA1,RPA1
RPS6KA1,RPS6KA1,RPS6KA1
RPS6KA2,RPS6KA2,RPS6KA2
RPS6KA3,RPS6KA3,RPS6KA3
RPS6KA4,RPS6KA4,RPS6KA4
RPS6KA5,RPS6KA5,RPS6KA5
RPS6KB1,RPS6KB1,RPS6KB1
RPSA,RPSA,RPSA
RXFP1,RXFP1,RXFP1
RXRA,RXRA,RXRA
RXRB,RXRB,RXRB
RXRG,RXRG,RXRG
S100A4,S100A4,S100A4
S1PR1,S1PR1,S1PR1
S1PR2,S1PR2,S1PR2
S1PR3,S1PR3,S1PR3
S1PR4,S1PR4,S1PR4
S1PR5,S1PR5,S1PR5
SAE1,SAE1,SAE1
SARM1,SARM1,SARM1
SCD,SCD,SCD
SCN10A,SCN10A,SCN10A
SCN1A,SCN1A,SCN1A
SCN2A,SCN2A,SCN2A
SCN4A,SCN4A,SCN4A
SCN5A,SCN5A,SCN5A
SCN9A,SCN9A,SCN9A
SELE,SELE,SELE
SELL,SELL,SELL
SELP,SELP,SELP
SENP1,SENP1,SENP1
SENP2,SENP2,SENP2
SENP3,SENP3,SENP3
SENP6,SENP6,SENP6
SENP7,SENP7,SENP7
SENP8,SENP8,SENP8
SERPINA6,SERPINA6,SERPINA6
SERPINC1,SERPINC1,SERPINC1
SERPINE1,SERPINE1,SERPINE1
SETD7,SETD7,SETD7
SGK2,SGK2,SGK2
SGMS1,SGMS1,SGMS1
SGMS2,SGMS2,SGMS2
SGPL1,SGPL1,SGPL1
SHBG,SHBG,SHBG
SHMT2,SHMT2,SHMT2
SI,SI,SI
SIGLEC7,SIGLEC7,SIGLEC7
SIGMAR1,SIGMAR1,SIGMAR1
SIK2,SIK2,SIK2
SIRT1,SIRT1,SIRT1
SIRT2,SIRT2,SIRT2
SIRT3,SIRT3,SIRT3
SIRT5,SIRT5,SIRT5
SIRT6,SIRT6,SIRT6
SLC10A1,SLC10A1,SLC10A1
SLC10A2,SLC10A2,SLC10A2
SLC12A5,SLC12A5,SLC12A5
SLC13A5,SLC13A5,SLC13A5
SLC15A1,SLC15A1,SLC15A1
SLC15A2,SLC15A2,SLC15A2
SLC16A1,SLC16A1,SLC16A1
SLC16A2,SLC16A2,SLC16A2
SLC18A2,SLC18A2,SLC18A2
SLC18A3,SLC18A3,SLC18A3
SLC19A1,SLC19A1,SLC19A1
SLC1A1,SLC1A1,SLC1A1
SLC1A2,SLC1A2,SLC1A2
SLC1A3,SLC1A3,SLC1A3
SLC22A1,SLC22A1,SLC22A1
SLC22A12,SLC22A12,SLC22A12
SLC22A2,SLC22A2,SLC22A2
SLC22A3,SLC22A3,SLC22A3
SLC22A6,SLC22A6,SLC22A6
SLC22A8,SLC22A8,SLC22A8
SLC25A20,SLC25A20,SLC25A20
SLC25A21,SLC25A21,SLC25A21
SLC28A1,SLC28A1,SLC28A1
SLC28A2,SLC28A2,SLC28A2
SLC28A3,SLC28A3,SLC28A3
SLC29A1,SLC29A1,SLC29A1
SLC2A1,SLC2A1,SLC2A1
SLC2A9,SLC2A9,SLC2A9
SLC37A4,SLC37A4,SLC37A4
SLC46A1,SLC46A1,SLC46A1
SLC47A1,SLC47A1,SLC47A1
SLC47A2,SLC47A2,SLC47A2
SLC5A1,SLC5A1,SLC5A1
SLC5A2,SLC5A2,SLC5A2
SLC5A4,SLC5A4,SLC5A4
SLC5A7,SLC5A7,SLC5A7
SLC6A1,SLC6A1,SLC6A1
SLC6A11,SLC6A11,SLC6A11
SLC6A12,SLC6A12,SLC6A12
SLC6A2,SLC6A2,SLC6A2
SLC6A3,SLC6A3,SLC6A3
SLC6A4,SLC6A4,SLC6A4
SLC6A5,SLC6A5,SLC6A5
SLC6A6,SLC6A6,SLC6A6
SLC6A8,SLC6A8,SLC6A8
SLC6A9,SLC6A9,SLC6A9
SLC7A11,SLC7A11,SLC7A11
SLC7A5,SLC7A5,SLC7A5
SLCO1B1,SLCO1B1,SLCO1B1
SLCO1B3,SLCO1B3,SLCO1B3
SLCO2A1,SLCO2A1,SLCO2A1
SLCO2B1,SLCO2B1,SLCO2B1
SLCO4C1,SLCO4C1,SLCO4C1
SLK,SLK,SLK
SMAD3,SMAD3,SMAD3
SMARCA2,SMARCA2,SMARCA2
SMPD1,SMPD1,SMPD1
SMPD3,SMPD3,SMPD3
SMYD2,SMYD2,SMYD2
SNCA,SNCA,SNCA
SOAT1,SOAT1,SOAT1
SOAT2,SOAT2,SOAT2
SORT1,SORT1,SORT1
SOST,SOST,SOST
SOX18,SOX18,SOX18
SPHK1,SPHK1,SPHK1
SPHK2,SPHK2,SPHK2
SPR,SPR,SPR
SPTSSB,SPTSSB,SPTSSB
SQLE,SQLE,SQLE
SRC,SRC,SRC
SRD5A1,SRD5A1,SRD5A1
SRD5A2,SRD5A2,SRD5A2
SREBF1,SREBF1,SREBF1
SREBF2,SREBF2,SREBF2
SRMS,SRMS,SRMS
SRPK1,SRPK1,SRPK1
SSTR4,SSTR4,SSTR4
SSTR5,SSTR5,SSTR5
ST14,ST14,ST14
ST3GAL3,ST3GAL3,ST3GAL3
ST6GAL1,ST6GAL1,ST6GAL1
STAT1,STAT1,STAT1
STAT3,STAT3,STAT3
STING1,STING1,STING1
STK17A,STK17A,STK17A
STK17B,STK17B,STK17B
STK3,STK3,STK3
STK33,STK33,STK33
STK4,STK4,STK4
STS,STS,STS
SUCNR1,SUCNR1,SUCNR1
SULT1A1,SULT1A1,SULT1A1
SULT1A3,SULT1A3,SULT1A3
SULT1E1,SULT1E1,SULT1E1
SULT2A1,SULT2A1,SULT2A1
SUMO1,SUMO1,SUMO1
SUMO2,SUMO2,SUMO2
SYK,SYK,SYK
SYNJ2,SYNJ2,SYNJ2
TAAR1,TAAR1,TAAR1
TACR1,TACR1,TACR1
TACR2,TACR2,TACR2
TACR3,TACR3,TACR3
TAOK1,TAOK1,TAOK1
TAS1R1,TAS1R1,TAS1R1
TAS1R3,TAS1R3,TAS1R3
TAS2R10,TAS2R10,TAS2R10
TAS2R16,TAS2R16,TAS2R16
TAS2R31,TAS2R31,TAS2R31
TAS2R46,TAS2R46,TAS2R46
TBK1,TBK1,TBK1
TBXA2R,TBXA2R,TBXA2R
TBXAS1,TBXAS1,TBXAS1
TDO2,TDO2,TDO2
TDP1,TDP1,TDP1
TDP2,TDP2,TDP2
TEK,TEK,TEK
TERT,TERT,TERT
TET1,TET1,TET1
TET2,TET2,TET2
TET3,TET3,TET3
TFEB,TFEB,TFEB
TFPI2,TFPI2,TFPI2
TGFBR1,TGFBR1,TGFBR1
TGM2,TGM2,TGM2
TH,TH,TH
THRA,THRA,THRA
THRB,THRB,THRB
TK1,TK1,TK1
TKT,TKT,TKT
TLR1,TLR1,TLR1
TLR2,TLR2,TLR2
TLR4,TLR4,TLR4
TLR7,TLR7,TLR7
TLR8,TLR8,TLR8
TLR9,TLR9,TLR9
TMEM97,TMEM97,TMEM97
TMPRSS15,TMPRSS15,TMPRSS15
TMPRSS2,TMPRSS2,TMPRSS2
TMPRSS6,TMPRSS6,TMPRSS6
TNF,TNF,TNF
TNFRSF10B,TNFRSF10B,TNFRSF10B
TNFRSF1A,TNFRSF1A,TNFRSF1A
TNFSF10,TNFSF10,TNFSF10
TNFSF11,TNFSF11,TNFSF11
TNIK,TNIK,TNIK
TNK2,TNK2,TNK2
TNKS,TNKS,TNKS
TNKS2,TNKS2,TNKS2
TOP1,TOP1,TOP1
TOP2A,TOP2A,TOP2A
TOP2B,TOP2B,TOP2B
TPI1,TPI1,TPI1
TPMT,TPMT,TPMT
TPO,TPO,TPO
TPPP,TPPP,TPPP
TRDMT1,TRDMT1,TRDMT1
TRIM24,TRIM24,TRIM24
TRIM33,TRIM33,TRIM33
TRPA1,TRPA1,TRPA1
TRPC3,TRPC3,TRPC3
TRPC5,TRPC5,TRPC5
TRPC6,TRPC6,TRPC6
TRPM2,TRPM2,TRPM2
TRPM7,TRPM7,TRPM7
TRPM8,TRPM8,TRPM8
TRPV1,TRPV1,TRPV1
TRPV2,TRPV2,TRPV2
TRPV3,TRPV3,TRPV3
TRPV4,TRPV4,TRPV4
TRYPSIN,TRYPSIN,TRYPSIN
TSNAX,TSNAX,TSNAX
TSPO,TSPO,TSPO
TSSK1B,TSSK1B,TSSK1B
TSSK2,TSSK2,TSSK2
TST,TST,TST
TTPA,TTPA,TTPA
TTR,TTR,TTR
TUBB1,TUBB1,TUBB1
TUBB3,TUBB3,TUBB3
TXN,TXN,TXN
TXN2,TXN2,TXN2
TXNRD1,TXNRD1,TXNRD1
TXNRD3,TXNRD3,TXNRD3
TYK2,TYK2,TYK2
TYMP,TYMP,TYMP
TYMS,TYMS,TYMS
TYR,TYR,TYR
TYRO3,TYRO3,TYRO3
UBE2D3,UBE2D3,UBE2D3
UBE2I,UBE2I,UBE2I
UBE2N,UBE2N,UBE2N
UCHL1,UCHL1,UCHL1
UCHL3,UCHL3,UCHL3
UGCG,UGCG,UGCG
UGT1A1,UGT1A1,UGT1A1
UGT1A3,UGT1A3,UGT1A3
UGT1A4,UGT1A4,UGT1A4
UGT1A6,UGT1A6,UGT1A6
UGT2B10,UGT2B10,UGT2B10
UGT2B15,UGT2B15,UGT2B15
UGT2B7,UGT2B7,UGT2B7
UHRF1,UHRF1,UHRF1
ULK3,ULK3,ULK3
UMPS,UMPS,UMPS
USP2,USP2,USP2
USP4,USP4,USP4
USP5,USP5,USP5
USP7,USP7,USP7
USP8,USP8,USP8
UTS2R,UTS2R,UTS2R
VCAM1,VCAM1,VCAM1
VCP,VCP,VCP
VDR,VDR,VDR
VEGFA,VEGFA,VEGFA
VKORC1,VKORC1,VKORC1
WDR5,WDR5,WDR5
WEE1,WEE1,WEE1
WRN,WRN,WRN
XBP1,XBP1,XBP1
XDH,XDH,XDH
XIAP,XIAP,XIAP
XPO1,XPO1,XPO1
YARS1,YARS1,YARS1
YES1,YES1,YES1
YWHAG,YWHAG,YWHAG
YWHAZ,YWHAZ,YWHAZ
ZAP70,ZAP70,ZAP70
ZDHHC2,ZDHHC2,ZDHHC2
ZDHHC20,ZDHHC20,ZDHHC20
