compound_id,name
AAANZTDKTFGJLZ-UHFFFAOYSA-N,"1,5,8-Trihydroxy-3-methyl-2-prenylxanthone"
AAARRLVSWMMLIL-JFDCHTIYSA-N,"TG(20:2n6/20:0/20:4(8Z,11Z,14Z,17Z))"
AAAULIDICJVAGC-XUJQSNPTSA-N,"TG(18:2(9Z,12Z)/22:4(7Z,10Z,13Z,16Z)/22:5(7Z,10Z,13Z,16Z,19Z))"
AAAUQAJYMBAEDN-SDYYSCIWSA-N,"TG(22:4(7Z,10Z,13Z,16Z)/20:3(5Z,8Z,11Z)/20:4(8Z,11Z,14Z,17Z))"
AAAYFFAGXKLUDV-XSMLMOGHSA-N,TG(i-21:0/i-18:0/i-15:0)
AABKSFWWBUPVNY-NVCPWDGJSA-N,CL(16:0/18:1(9Z)/22:1(13Z)/22:1(13Z))
AABORWYRSOFPIQ-RIVVNBGWSA-N,TG(10:0/a-17:0/19:0)[rac]
AACGGBKJSIMRBR-BWSSJUFOSA-N,TG(a-13:0/15:0/i-17:0)[rac]
AACZXYOSBJYYOH-XBNQVYLISA-N,"TG(22:1(13Z)/15:0/18:4(6Z,9Z,12Z,15Z))"
AAEDIKNVLNRFNP-VERBRUMSSA-N,"TG(20:1(11Z)/14:0/22:2(13Z,16Z))"
AAEDVOLFYYONLY-WBCKFURZSA-N,TG(8:0/19:0/i-15:0)
AAEGDCWJLSBMKO-QRXDBQBNSA-N,TG(i-22:0/21:0/18:0)
AAEKPOOCHGGGKT-NLXJDERGSA-N,TG(i-12:0/21:0/18:0)
AAEVYOVXGOFMJO-UHFFFAOYSA-N,16-F1-phytoprostane
AAFBEFOSCLMOTF-KXBCQOCRSA-N,"TG(18:3(9Z,12Z,15Z)/18:2(9Z,12Z)/20:1(13Z))"
AAFBEFOSCLMOTF-RRPFJGJLSA-N,"TG(20:1(13Z)/18:2(9Z,12Z)/18:3(9Z,12Z,15Z))"
AAFPBUWBKCMUOC-AZZQUJCXSA-N,"TG(18:1(9Z)/18:3(9Z,12Z,15Z)/20:5(5Z,8Z,11Z,14Z,17Z))"
AAGCATAPYOEULE-UHFFFAOYSA-N,Matairesinoside
AAGIXMREDGMXGU-ASISNPDYSA-N,"TG(15:0/22:5(7Z,10Z,13Z,16Z,19Z)/24:1(15Z))"
AAGKNIVYCBWMIR-HKNFJBDMSA-N,"TG(20:0/20:4(8Z,11Z,14Z,17Z)/22:5(7Z,10Z,13Z,16Z,19Z))"
AAHQMLDWRXUNIA-HZTDGBLZSA-N,"TG(14:1(9Z)/20:4(5Z,8Z,11Z,14Z)/22:5(4Z,7Z,10Z,13Z,16Z))"
AAISSOQIFFPNFZ-AXAMJWTMSA-N,TG(i-21:0/14:0/19:0)
AAIXZDBTEWDLSG-UHFFFAOYSA-N,"p-Mentha-2,4-diene"
AAJCSPWAQIOZOP-HUESYALOSA-N,TG(i-12:0/13:0/i-17:0)
AAJHVVLGKCKBSH-UHFFFAOYSA-N,Avenacoside A
AAJMNFSMEOFKKL-UHFFFAOYSA-N,Dotriacontan-14-ol
AAKDPDFZMNYDLR-UHFFFAOYSA-N,N-Methyl-1-deoxynojirimycin
AAKHKGPJPZLUOV-ZGNZLWFWSA-N,"TG(16:1(9Z)/22:6(4Z,7Z,10Z,13Z,16Z,19Z)/22:6(4Z,7Z,10Z,13Z,16Z,19Z))"
AALVUUMVCUHIRJ-UHFFFAOYSA-N,Trigoneoside VIII
AAMZNUSIHHMEQD-ZUFHXVCQSA-N,"TG(20:3n6/24:0/20:4(5Z,8Z,11Z,14Z))"
AANCKINPVVQDGX-OSUITXOZSA-N,"TG(18:1(11Z)/18:1(11Z)/22:5(7Z,10Z,13Z,16Z,19Z))"
AANHDBNUIKYXLN-OKUWMSBNSA-N,"TG(22:1(13Z)/18:1(11Z)/22:6(4Z,7Z,10Z,13Z,16Z,19Z))"
AANMVENRNJYEMK-UHFFFAOYSA-N,(±)-Cryptone
AANZTOSGIRNZNM-LNOKNGNPSA-N,CL(20:0/20:1(11Z)/20:1(13Z)/22:0)
AAOFJKLTRKOQTQ-UHFFFAOYSA-N,Methylxanthoxylin
AAOPKIFUFWCDQZ-UHFFFAOYSA-N,Gambiriin A1
AAOSLICMXQEMBQ-IONAWPRUSA-N,TG(21:0/i-14:0/18:0)
AAOVKJBEBIDNHE-UHFFFAOYSA-N,Diazepam
AAOWDCXVOOKARC-UHFFFAOYSA-N,"2'',4'',6''-Triacetylglycitin"
AAOXKTNPFBHMFQ-KZBYCKEYSA-N,TG(18:1(9Z)/20:3n6/18:1(9Z))
AAPBYIVJOWCMGH-HWKANZROSA-N,trans-Propenyl propyl disulfide
AAPBYIVJOWCMGH-HYXAFXHYSA-N,cis-Propenyl propyl disulfide
AAPGXBRKBIUCMQ-GWHBCOKCSA-N,"DG(22:5(7Z,10Z,13Z,16Z,19Z)/22:4(7Z,10Z,13Z,16Z)/0:0)"
AAQXAMYHTKLRRO-GRSNDSDLSA-N,"TG(22:5(4Z,7Z,10Z,13Z,16Z)/16:0/22:5(7Z,10Z,13Z,16Z,19Z))"
AASAENAURCLYSI-UHFFFAOYSA-N,Gibberellin A32
AASMSXXODHOKTE-AKAJXFOGSA-N,TG(i-22:0/i-24:0/14:0)
AASMSXXODHOKTE-WDLSKMLESA-N,TG(14:0/i-24:0/i-22:0)
AATISISCRVORPT-UHFFFAOYSA-N,Atrovirinone
AAUWBAWSKVOBFL-UHFFFAOYSA-N,Norcepanone
AAVFZGNNVBUUJP-DTSDQNDWSA-N,TG(21:0/19:0/i-13:0)
AAVFZGNNVBUUJP-IONAWPRUSA-N,TG(i-13:0/19:0/21:0)
AAVHHGNQWFTUKS-SFQUDFHCSA-N,3-Phenylpropyl glucosinolate
AAVJUUZQHFIDSS-CQQUKVLBSA-N,TG(24:0/20:0/20:3n6)
AAVMVTWYUGHZHX-OALPUDEUSA-N,TG(8:0/17:0/a-13:0)[rac]
AAVMVTWYUGHZHX-YWIOZPJLSA-N,TG(a-13:0/17:0/8:0)[rac]
AAVNDRKAKFAYFN-FPQJXDIVSA-N,TG(i-20:0/i-20:0/a-21:0)[rac]
AAVNDRKAKFAYFN-MBLVYYNZSA-N,TG(a-21:0/i-20:0/i-20:0)[rac]
AAWNBEJOCRYVJE-QNGWXLTQSA-N,DG(20:0/16:0/0:0)
AAWSPHNKTFCCQE-GRSBDEQXSA-N,"TG(24:0/22:0/20:4(5Z,8Z,11Z,14Z))"
AAWYHGQYLUEDBG-MPLRIKRWSA-N,TG(i-22:0/i-14:0/i-16:0)
AAWZDTNXLSGCEK-UHFFFAOYSA-M,L-quinate
AAWZDTNXLSGCEK-UHFFFAOYSA-N,(-)-Quinic acid
AAXKOSGKHIOTGK-UHFFFAOYSA-N,"3'-(2'',3'',6''-Trigalloylglucosyl)-phloroacetophenone"
AAXMCYUUKFLUMJ-JSFHAIONSA-N,"TG(18:0/18:2(9Z,12Z)/18:1(9Z))"
AAXMCYUUKFLUMJ-TWDRBPDCSA-N,"TG(18:1(9Z)/18:2(9Z,12Z)/18:0)"
AAXWISAHYJUCTG-MPLRIKRWSA-N,TG(13:0/15:0/i-24:0)
AAXWISAHYJUCTG-OIVUAWODSA-N,TG(i-24:0/15:0/13:0)
AAXYAFFKOSNMEB-MHARETSRSA-N,Diguanosine triphosphate
AAYIYWGTGAUKQY-AATRIKPKSA-N,(E)-3-Heptenyl acetate
AAYJVNROXHMWJF-OKIOPPKUSA-N,"TG(18:1(11Z)/22:2(13Z,16Z)/18:1(9Z))"
AAYLLNKLDFMSRD-HLIHSNNZSA-N,DG(18:4n3/0:0/20:4n3)
AAYOXXRTLLISDA-YACUFSJGSA-N,"PC(20:2(11Z,14Z)/20:2(11Z,14Z))"
AAYYJBZZHJNMEO-UHFFFAOYSA-N,Juglone glucoside
AAZDQNFGXLHGPJ-AUPLRJEGSA-N,TG(a-25:0/i-13:0/i-21:0)[rac]
AAZDQNFGXLHGPJ-PFUDJBDGSA-N,TG(i-21:0/i-13:0/a-25:0)[rac]
AAZLBQIWPSJHIZ-XGUPTXRGSA-N,"TG(24:1(15Z)/20:4(8Z,11Z,14Z,17Z)/22:5(7Z,10Z,13Z,16Z,19Z))"
AAZOMBJKSJQDHJ-ZBRBWIFHSA-N,"CL(18:0/18:2(9Z,12Z)/18:3(9Z,12Z,15Z)/22:1(13Z))"
AAZXFALIBYEKBE-UHFFFAOYSA-N,"CE(MonoMe(11,5))"
AAZZVFONLHYNDZ-NVQRUNIKSA-J,3-hydroxy-3-phenylpropionyl-CoA
ABAPCGOEPWAJOW-KHLWFPLBSA-N,"TG(20:0/22:6(4Z,7Z,10Z,13Z,16Z,19Z)/22:5(7Z,10Z,13Z,16Z,19Z))"
ABBYYPGQJRBTGA-NESBLOORSA-N,"CL(18:1(9Z)/18:1(9Z)/18:2(9Z,12Z)/20:0)"
ABCOOORLYAOBOZ-KQYNXXCUSA-N,phosphoribosyl-formamido-carboxamide
ABDKAPXRBAPSQN-UHFFFAOYSA-N,"1,2-Dimethoxybenzene"
ABFHVQPVDSMGNR-UHFFFAOYSA-N,"Methyl 3-(2,3-dihydroxy-3-methylbutyl)-4-hydroxybenzoate"
ABFJWRKPWCFTQP-JKFVOKSPSA-N,"TG(18:2(9Z,12Z)/18:0/18:0)"
ABFJWRKPWCFTQP-XSMLMOGHSA-N,"TG(18:0/18:0/18:2(9Z,12Z))[iso3]"
ABFOJGYAILKEJB-UHFFFAOYSA-N,13-Hydroxydihydromelleolide
ABHFLYVGOLPRKB-GXKMNUNHSA-O,Pelargonidin 3-O-[2-O-beta-D-glucopyranosyl-6-O-(E)-p-coumaroyl-beta-D-glucopyranoside] 5-O-(beta-D-glucopyranoside)
ABIKEVIWOJTKQS-AARKOHAPSA-N,"PS(14:1(9Z)/20:4(5Z,8Z,11Z,14Z))"
ABLZXFCXXLZCGV-UHFFFAOYSA-L,Phosphite
ABMDIECEEGFXNC-UHFFFAOYSA-N,N-Ethylpropionamide
ABNDFSOIUFLJAH-UHFFFAOYSA-N,Benzyl thiocyanate
ABQUGMVYQWOOLF-UHFFFAOYSA-N,Goyaglycoside f
ABRHOUKZOUNSSK-FVEAQGRNSA-N,CL(18:0/18:0/18:0/20:1(13Z))
ABROBCBIIWHVNS-UHFFFAOYSA-N,2-Ethylbenzenethiol
ABTNJGAZZKYLLD-UHFFFAOYSA-N,Gibberellin Ga115
ABTRFGSPYXCGMR-AXXBKCDFSA-N,Rubixanthin
ABTRFGSPYXCGMR-QNLINFIDSA-N,(all-E)-Rubixanthin
ABUKPIBHMMLQDI-RCOVLANCSA-N,"CL(18:3(6Z,9Z,12Z)/18:3(9Z,12Z,15Z)/20:1(11Z)/20:1(13Z))"
ABVCUBUIXWJYSE-UHFFFAOYSA-O,Pelargonidin 3-glucoside
ABXKUABLJLHDAO-UHFFFAOYSA-N,3'-(2''-Galloylglucosyl)-phloroacetophenone
ABZIJOKCYYZWFJ-QWKKJKGWSA-N,Ampelopsin C
ACCRBMDJCPPJDX-UHFFFAOYSA-N,Methyl-beta-hydroxyhexanoate
ACCYCJOHUMRMMV-UHFFFAOYSA-N,Licoricesaponin E2
ACDSUMGMZHXCRO-UHFFFAOYSA-N,3-O-Methylglycyrol
ACFIXJIJDZMPPO-NCHANQSKSA-N,NADPH
ACGLCDJEASKGDO-JSYPMYMJSA-N,"TG(18:3(9Z,12Z,15Z)/20:1(13Z)/18:3(9Z,12Z,15Z))"
ACIVVGBVOVHFPQ-RPDRRWSUSA-N,"2,5-diamino-6-(5-phospho-D-ribitylamino)pyrimidin-4(3H)-one"
ACJJXELQAJQSLK-UHFFFAOYSA-N,Anigorufone
ACJQRYKUUGFHPV-FMQUCBEESA-N,Eicosen-1-ol
ACLFOVVHBPFNAN-SPTSQDNOSA-N,SM(d18:0/20:1(11Z))
ACLPCAOOWJUVLL-DZKYTWFZSA-N,CL(16:0/18:0/18:0/20:1(13Z))
ACLQSYLJAZRTAP-XAFBQJBNSA-N,CL(18:0/18:1(11Z)/18:1(11Z)/20:1(11Z))
ACOBBFVLNKYODD-CSKARUKUSA-N,Methylgeraniate
ACQCATAWVAMHOW-XGJCFNBDSA-N,TG(13:0/18:1(9Z)/20:0)[iso6]
ACRIYYKEWCXQOS-UHFFFAOYSA-N,Isovitexin 2''-arabinoside
ACSIRQPNAYTBRW-VZUYHUTRSA-N,"PC(P-18:1(9Z)/18:3(9Z,12Z,15Z))"
ACSWAJLDOHJFNA-VMPITWQZSA-N,N-trans-Feruloyl-4-O-methyldopamine
ACTHNCRNFFCCAQ-PLKVWTDNSA-N,TG(18:1(9Z)/18:0/20:1(13Z))
ACTHNCRNFFCCAQ-YNQDZHFMSA-N,TG(20:1(13Z)/18:0/18:1(9Z))
ACTIUHUUMQJHFO-KIEOEACUSA-N,Ubiquinone 10
ACTIUHUUMQJHFO-UPTCCGCDSA-N,Coenzyme Q
ACTVOSXZOZQENN-UHFFFAOYSA-N,12-Dehydroporson
ACUIYXOOZPHRRA-DHEZTBRESA-N,"Methyl 2E,4Z-hexadecadienoate"
ACUZDYFTRHEKOS-UHFFFAOYSA-N,Decan-2-ol
ACWQBUSCFPJUPN-HWKANZROSA-N,2-Methylbut-2-en-1-al
ACWQBUSCFPJUPN-HYXAFXHYSA-N,Tiglic aldehyde
ACXRDVCAKSUCPM-UHFFFAOYSA-N,"1-Acetyl-3,14,20-trihydroxywitha-5,24-dienolide 3-glucoside"
ACZVSMNFVFBOTM-UHFFFAOYSA-N,β-alanine betaine
ADACAMXIRQREOB-UHFFFAOYSA-N,Fumonisin A1
ADCKHLSRWCXEIY-GGAPOBRUSA-N,"CL(18:2(9Z,12Z)/18:3(6Z,9Z,12Z)/20:1(11Z)/20:1(11Z))"
ADDMBQHEJRQEPO-XJAZUKOCSA-N,"TG(14:0/18:4(6Z,9Z,12Z,15Z)/22:0)[iso6]"
ADDZHRRCUWNSCS-UHFFFAOYSA-N,2-Benzofurancarboxaldehyde
ADFCQWZHKCXPAJ-GFCCVEGCSA-N,Equol
ADFWQBGTDJIESE-UHFFFAOYSA-N,2-Hydroxy-6-pentadecylbenzoic acid
ADHJMNNFIWLSBG-UHFFFAOYSA-N,"5-Hydroxy-3,3',7,8-tetramethoxy-4',5'-methylenedioxyflavone"
ADHKIZQYPQGIRC-ACSKKKSPSA-N,TG(20:1(11Z)/20:1(11Z)/20:1(13Z))
ADHKIZQYPQGIRC-SOZVHHJESA-N,TG(20:1(13Z)/20:1(11Z)/20:1(11Z))
ADHNTNYEJYJUCU-ZSJFXSENSA-N,1-O-Feruloyl-beta-D-glucose
ADIAWBPVWHYXNV-JSHIBXJCSA-N,"PC(20:2(11Z,14Z)/12:0)"
ADIDQIZBYUABQK-UHFFFAOYSA-N,alpha-Guaiene
ADKNUXINKGBJMY-LDLOPFEMSA-N,"PE(18:2(9Z,12Z)/18:1(11Z))"
ADLXTJMPCFOTOO-FPLPWBNLSA-N,2-Nonenoic acid
ADMGMAPZAQUXIR-VRHMUEQPSA-N,"CL(18:0/18:3(6Z,9Z,12Z)/20:1(11Z)/22:0)"
ADNPLDHMAVUMIW-CUZNLEPHSA-N,Crofelemer
ADNSYCXWAHUWTA-SYOMJGEJSA-N,"PS(18:1(9Z)/18:3(6Z,9Z,12Z))"
ADOBXTDBFNCOBN-UHFFFAOYSA-N,1-Heptadecene
ADONHDUDLSXBIZ-UHFFFAOYSA-N,"(R)-2,3-Dihydro-3,5-dihydroxy-2-oxo-3-indoleacetic acid 5-[glucosyl-(1->4)-glucoside]"
ADQOAYRZNAECHD-UHFFFAOYSA-N,"1-Hydroxy-3,5-dimethoxy-2-prenylxanthone"
ADRVEZVEKSCRHP-XGGJEREUSA-N,"(E,E)-Boviquinone 3"
ADSGHWJRPOXXTD-IHWYPQMZSA-M,2-chloro-trans-dienelactone
ADSYMQORONDIDD-UHFFFAOYSA-N,Hesperetin 7-glucoside
ADUXEKGZLYFWEG-PUJVNBGESA-N,Cosmosiin galacturonide
ADUXEKGZLYFWEG-VQFZQRBBSA-N,Apigenin 7-glucuronosyl-glucoside
ADVFPEKLSDNTRV-UHFFFAOYSA-N,Diosmetin 6-C-glucoside
ADYPMBBPSUQKED-VOLCNUBSSA-N,CL(18:1(9Z)/18:1(11Z)/22:1(13Z)/22:1(13Z))
ADZPFIMEBZGRHB-ILJAMNOWSA-N,CL(18:1(9Z)/18:1(9Z)/18:1(11Z)/20:0)
AEABCQUPKOOFQW-UHFFFAOYSA-N,Diisodityrosine
AEAMHDRXCYEOCU-HUESYALOSA-N,PC(18:0/18:1(11Z))
AEDBOXCTQDATMF-UHFFFAOYSA-N,12-Ketoporrigenin
AEDDIBAIWPIIBD-UHFFFAOYSA-N,Mangiferin
AEDDIBAIWPIIBD-ZJKJAXBQSA-N,Mangiferol
AEFNZGGBWOQYID-UHFFFAOYSA-N,demethylphylloquinol
AEIJGHDRIPTRQY-UBTAJKBJSA-N,"CL(18:0/18:3(9Z,12Z,15Z)/20:1(13Z)/20:1(13Z))"
AELFRHHZGTVYGJ-QMMMGPOBSA-N,Epinephrine sulfate
AELNFENJKQXLPW-UHFFFAOYSA-N,"ent-16b,19-Kauranediol 19-acetate"
AEMFNILZOJDQLW-QAGGRKNESA-N,"androst-4-en-3,17-dione"
AEMFNILZOJDQLW-UHFFFAOYSA-N,Androstenedione
AEMOLEFTQBMNLQ-AQKNRBDQSA-N,D-Glucuronic acid
AEMOLEFTQBMNLQ-ODNOERHMSA-N,L-Altruronic acid
AEMOLEFTQBMNLQ-WAXACMCWSA-N,beta-D-Glucuronic acid
AEMRFAOFKBGASW-UHFFFAOYSA-N,Hydroxyacetic acid
AEPVLLKGEBHLEJ-CRZTYIBISA-N,PC(16:0/18:1(11E))
AEQPLRPDNSGKQU-GCOOXHSISA-N,Cucumerin B
AERBNCYCJBRYDG-UHFFFAOYSA-N,4-hydroxysphinganine
AERGGMDNGDDGPI-UHFFFAOYSA-N,"1,2-Diphenylcyclobutane"
AESBAQNLQIQXNK-BMFSGJJHSA-N,"CL(18:0/18:3(9Z,12Z,15Z)/20:0/22:1(13Z))"
AETXDQTWHNBCRO-QLKFWGTOSA-N,"DG(20:0/22:5(4Z,7Z,10Z,13Z,16Z)/0:0)"
AEUCYCQYAUFAKH-YACUFSJGSA-N,PC(20:1(11Z)/20:1(11Z))
AEVLWICMAHGAMS-UHFFFAOYSA-N,(S)-Phellandral
AEWHYWSPVRZHCT-NDZSKPAWSA-N,Isobutyryl-CoA
AEWHYWSPVRZHCT-UHFFFAOYSA-J,isobutanoyl-CoA
AEXJMQYVIPHZDJ-UHFFFAOYSA-N,(R)-Heraclenol 2'-(3-methylbutanoate)
AEXNGRVFOMIYOW-ICFOKQHNSA-N,PE-NMe(18:1(11Z)/20:0)
AFBPFSWMIHJQDM-UHFFFAOYSA-N,N-Methylaniline
AFBPXDLUPKBQFZ-IBUFINAASA-N,"TG(15:0/24:1(15Z)/18:2(9Z,12Z))"
AFDQDPIWXNGUOF-UHFFFAOYSA-N,3-beta-Cellobiosylcellobiose
AFDXODALSZRGIH-QPJJXVBHSA-N,trans-p-Methoxycinnamic acid
AFFQVAIMWFYJJS-DTHFMEMVSA-N,TG(20:1(11Z)/20:1(11Z)/18:0)
AFFSAIPAHKQBQB-MKUXWWROSA-N,"TG(12:0/14:1(9Z)/18:3(9Z,12Z,15Z))[iso6]"
AFGUVBVUFZMJMX-MDZDMXLPSA-N,5-Tetradecenoic acid
AFIGVZAQSPJHEE-ZZSOQTNOSA-N,"CL(18:2(9Z,12Z)/20:1(11Z)/20:1(11Z)/22:0)"
AFJYQKPCJLMHCC-UHFFFAOYSA-N,Gancaonin O
AFKUAQRKQMVATG-UHFFFAOYSA-N,Rollimusin
AFLNGLSTOJPKJJ-UHFFFAOYSA-N,Medicagenic acid 3-O-[a-D-glucosyl-(1->4)-b-D-glucoside]
AFMQYZXPYJFAPA-VXVUXWGWSA-N,TG(22:1(13Z)/16:0/18:0)
AFMQYZXPYJFAPA-WOGGMIHASA-N,TG(18:0/16:0/22:1(13Z))
AFNUZVCFKQUDBJ-ZZWDRFIYSA-N,L-rhamnofuranose
AFOLAZWOEZYEBM-GEBSKTNXSA-N,"TG(16:0/17:0/22:6(4Z,7Z,10Z,13Z,16Z,19Z))[iso6]"
AFOLOMGWVXKIQL-UHFFFAOYSA-O,Petunidin
AFPPVJHFFGBKOB-UHFFFAOYSA-N,Armillasin
AFRHTXSGJZBJEK-FKZFEJELSA-N,"TG(24:0/15:0/18:3(6Z,9Z,12Z))"
AFRWRFLTMADQHJ-UHFFFAOYSA-O,Pelargonidin 5-galactoside
AFSDNFLWKVMVRB-UHFFFAOYSA-N,Ellagic acid
AFSGMNCJOAPJOR-GODAVPAZSA-N,"CL(18:3(9Z,12Z,15Z)/20:0/20:1(11Z)/22:1(13Z))"
AFSHUZFNMVJNKX-LLWMBOQKSA-N,DG(18:1(9Z)/18:1(9Z)/0:0)
AFSHUZFNMVJNKX-XPWSMXQVSA-N,"Glycerol 1,2-di-(9Z-octadecenoate)"
AFVFQIVMOAPDHO-UHFFFAOYSA-N,Methanesulfonic acid
AFWKBSMFXWNGRE-ARJAWSKDSA-N,Dehydrozingerone
AFWVVPIAVLFQOY-HNCVWURRSA-N,TG(18:1(11Z)/22:0/22:0)
AFWVVPIAVLFQOY-QMNOEWNESA-N,TG(22:0/22:0/18:1(11Z))
AFXUNCBGZGFPOZ-UHFFFAOYSA-N,Kurigalin
AFZHQMQGUKDWSJ-UHFFFAOYSA-N,Helianyl octanoate
AGABNGOXUSXQDD-WZUFQYTHSA-N,Acutilobin
AGBLBGGDMGJYFQ-FIACFBACSA-N,TG(22:1(13Z)/16:0/20:1(13Z))
AGBLBGGDMGJYFQ-GKJJFOOMSA-N,TG(20:1(13Z)/16:0/22:1(13Z))
AGCLYKVLFZSTJI-UHFFFAOYSA-N,"4',5,7-Trimethylisoscutellarein"
AGEDXKMYUUORTP-QLKFWGTOSA-N,"DG(20:1(11Z)/22:4(7Z,10Z,13Z,16Z)/0:0)"
AGGMHSIJPOCJNC-RBDZZQPWSA-N,"TG(14:1(9Z)/19:0/20:3(8Z,11Z,14Z))[iso6]"
AGGQBLQYYGOWKY-UHFFFAOYSA-N,"5,6-Dehydrodemissine"
AGKCACWGAXVMPI-BVWWTNGZSA-N,"PC(O-20:0/20:5(5Z,8Z,11Z,14Z,17Z))"
AGKVNKMBWJSNKY-ZZEZOPTASA-N,PE-NMe(20:0/22:1(13Z))
AGPIOXWTGKGPPK-UHFFFAOYSA-N,Cyclo(glycylleucylvalylleucylprolylseryl)
AGQJQCFEPUVXNK-UHFFFAOYSA-K,4-amino-2-methyl-5-diphosphomethylpyrimidine
AGRIQBHIKABLPJ-UHFFFAOYSA-N,1-Pyrrolidinecarboxaldehyde
AGRWQVDHBRTOBQ-VAFHPCRSSA-N,Tyramine-betaxanthin
AGUISGUERLMHFF-UHFFFAOYSA-N,Epiacorone
AGXFHKUZXQPREM-SWGBUSHLSA-N,"TG(22:1(13Z)/18:2(9Z,12Z)/18:0)"
AGXFHKUZXQPREM-VBDNUALRSA-N,"TG(18:0/18:2(9Z,12Z)/22:1(13Z))"
AGZKWUAHBZQQNY-KYTQBJKTSA-N,"TG(16:0/18:1(11Z)/18:3(6Z,9Z,12Z))"
AGZKWUAHBZQQNY-OSOYSHGCSA-N,"TG(18:3(6Z,9Z,12Z)/18:1(11Z)/16:0)"
AHANXAKGNAKFSK-PDBXOOCHSA-N,Dihomolinolenic acid
AHAUBJRIXRHFSJ-HUESYALOSA-N,"PC(18:2(9Z,12Z)/18:4(6Z,9Z,12Z,15Z))"
AHCYMLUZIRLXAA-SHYZEUOFSA-N,dUTP
AHEPKIJTHGCAOA-HUESYALOSA-N,"PC(18:3(9Z,12Z,15Z)/18:1(11Z))"
AHFFBXZSVOKSCA-SJQHUTKESA-N,"TG(14:1(9Z)/18:0/18:3(9Z,12Z,15Z))[iso6]"
AHIONNAGCSGVAB-UHFFFAOYSA-N,Mubenin B
AHJCDQGRYVBQQZ-NSCUHMNNSA-N,Methoxymalic acid
AHJKRLASYNVKDZ-UHFFFAOYSA-N,8-O-4'-Diferulic acid
AHJRMOMBERFRTM-FKRAWKRWSA-N,"TG(20:1(13Z)/18:1(9Z)/18:3(9Z,12Z,15Z))"
AHJWMSQZOWKKJQ-ZWNMCFTASA-N,E-10 devinylajoene
AHLBWJHZDLMJOJ-SDNWHVSQSA-N,4-(4-Hydroxyphenyl)-2-butanone O-[2-galloyl-6-cinnamoylglucoside]
AHLPHDHHMVZTML-BYPYZUCNSA-N,L-ornithine
AHLPHDHHMVZTML-UHFFFAOYSA-N,Ornithine
AHMIDUVKSGCHAU-LURJTMIESA-N,Dopaquinone
AHNDRCGVVOSSOL-NCTVWYLDSA-N,Ganglioside GM1 (d18:0/23:0)
AHOMSZWEDIDNLL-USYZEHPZSA-N,"PC(18:3(6Z,9Z,12Z)/20:3(8Z,11Z,14Z))"
AHUWPHLEHINDNR-MLFBNNMUSA-N,3-Methyl-2-pentanone
AHWNOAGNHSGYCM-XBMWPHDXSA-N,Quercetin 3-O-xyloside
AHWXJDWBIIDPKS-YACUFSJGSA-N,"PC(22:6(4Z,7Z,10Z,13Z,16Z,19Z)/18:0)"
AHYXNVIQMVRTEC-SQWFITPDSA-N,TG(14:0/15:0/22:1(13Z))
AIBMPOJXBGZIPQ-UHFFFAOYSA-N,Tricin 7-neohesperidoside
AIBOHNYYKWYQMM-GELUXPMISA-N,torulene
AIHWGPJJINPTRP-VSASKLEVSA-N,"3a,4b,7a-Trihydroxy-5b-cholanoic acid"
AIJULSRZWUXGPQ-UHFFFAOYSA-N,methylglyoxal
AILCSCQIQZTQJR-QPJJXVBHSA-N,2-O-Acetyl-trans-coutaric acid
AILKHAQXUAOOFU-UHFFFAOYSA-N,Hexanenitrile
AIONOLUJZLIMTK-AWEZNQCLSA-N,Hesperetin
AIQCDEJOKQHKMO-UHFFFAOYSA-N,6''-O-Acetylvicenin 1
AIQDYKMWENWVQJ-UHFFFAOYSA-K,α-D-glucuronate 1-phosphate
AISVAXNALHBFPC-IOSLPCCCSA-N,"1,7-Dimethylguanosine"
AIVVNNYXOSPRCW-UHFFFAOYSA-N,"2,5-Dihydro-2,4,5-trimethylthiazole"
AJGYLNFUYLRZFR-VQPJZGIOSA-N,Mytilitol
AJLMJIKELQBUTG-UJJXFSCMSA-N,Uroporphyrin IV
AJNZABHWCGUHSJ-YACUFSJGSA-N,"PC(20:3(5Z,8Z,11Z)/20:2(11Z,14Z))"
AJONJFGFTGGKEX-UHFFFAOYSA-M,S-ureidoglycine
AJPADPZSRRUGHI-RFZPGFLSSA-N,1-Deoxy-D-xylulose 5-phosphate
AJWIFVNLXHFTFD-NSCUHMNNSA-N,Methyl 7-epi-12-hydroxyjasmonate glucoside
AJWQQZIFWOFRRM-UHFFFAOYSA-N,27-Hydroxybullatacin
AJWXNNCJHGLYAD-JDGSYGFWSA-N,TG(14:1(9Z)/16:0/20:0)[iso6]
AKDVWAHETIXOFY-FUAFPHNJSA-N,"TG(16:1(9Z)/17:0/20:5(5Z,8Z,11Z,14Z,17Z))[iso6]"
AKEUNCKRJATALU-UHFFFAOYSA-N,"2,6-Dihydroxybenzoic acid"
AKIHYQWCLCDMMI-VMPITWQZSA-N,4-Hydroxycinnamoylagmatine
AKLWUKOTFBFPBC-USYZEHPZSA-N,"PC(20:4(8Z,11Z,14Z,17Z)/18:1(11Z))"
AKLZJACFWIKHEV-WZPNJOEPSA-N,"Epigallocatechin-(4beta->8)-epicatechin 3,3'-digallate"
AKNPMCISDQNRFC-UHFFFAOYSA-N,"8,12-Epoxy-4(15),7,11-eudesmatrien-1-one"
AKRBLZKRYPEVIK-IACDPKRHSA-N,16-Oxoandrostenediol
AKTRFOPOAKDICT-UHFFFAOYSA-N,Kanokoside D
AKVFHSQBKRFJIZ-MDZDMXLPSA-N,Eremopetasitenin C3
ALEWCKXBHSDCCT-YFVJMOTDSA-L,"2-trans,-6-trans-farnesyl monophosphate"
ALLYVKRLOHDVKI-UHFFFAOYSA-N,5C-aglycone
ALRHLSYJTWAHJZ-UHFFFAOYSA-N,3-hydroxypropionate
ALTAAUJNHYWOGS-UHFFFAOYSA-N,cis-4-Hydroxycyclohexylacetic acid
ALYNCZNDIQEVRV-UHFFFAOYSA-M,4-aminobenzoate
AMBQHHVBBHTQBF-UOUCRYGSSA-N,loganin
AMIMRNSIRUDHCM-UHFFFAOYSA-N,2-Methylpropanal
AMQJEAYHLZJPGS-UHFFFAOYSA-N,1-Pentanol
AMROMUFVHNPOEQ-UHFFFAOYSA-N,trehalose-trans-methoxy-mono-mycolate
AMXYRHBJZOVHOL-KPDBFRNYSA-N,"2,6-Nonadien-1-ol"
ANBFRLKBEIFNQU-UHFFFAOYSA-M,Potassium octadecanoate
ANGCIHCSPJLGME-UHFFFAOYSA-N,Physalolactone B
ANNNBEZJTNCXHY-NSCUHMNNSA-N,"5-[(E)-2-(4-hydroxy-3-methoxyphenyl)ethenyl]benzene-1,3-diol"
ANVAOWXLWRTKGA-NTXLUARGSA-N,alpha-Carotene
ANVQPXYQHSOZNE-UMDUJLOZSA-N,Absintholide
AOFQQLZNDSBFLN-UHFFFAOYSA-K,trans-zeatin riboside triphosphate
APBPHWLOGNJBLH-UHFFFAOYSA-N,Gibberellin A108
APFBWMGEGSELQP-AATRIKPKSA-N,"(3xi,5Z)-1,5-Octadien-3-ol"
APIQNBNBIICCON-FKMSRSAHSA-N,3-keto-β-D-galactose
APIZAZFFQBVSJA-UHFFFAOYSA-N,"taxa-4(20),11-dien-5-α-yl acetate"
APJYDQYYACXCRM-UHFFFAOYSA-N,Tryptamine
AQIXAKUUQRKLND-UHFFFAOYSA-N,Poly(divinylbenzene-co-trimethyl(vinylbenzyl)ammonium chloride)
AQJZOYUAIGQOPF-BCYGMIQCSA-N,pheophorbide b
ARJPPNFIEQKVBB-UHFFFAOYSA-N,3-acetamidopropanal
ARLAWMCEVZUXEY-UHFFFAOYSA-N,2-Methyl-pyrogallol-1-O-sulphate
ARYTXMNEANMLMU-UHFFFAOYSA-N,campestanol
ASCFNMCAHFUBCO-UHFFFAOYSA-N,2-phosphoglycolate
ASUQQNMFKHYMOQ-ZFESHMOZSA-N,"PS(18:3(9Z,12Z,15Z)/20:4(5Z,8Z,11Z,14Z))"
AUFJTEGVQXGXTG-UHFFFAOYSA-N,Atractyligenin (2-O-beta-glucopyranosyl-)
AVCFXYYRWRZONV-BKRJIHRRSA-N,2-Methoxyestradiol-3-methylether
AVMSWPWPYJVYKY-UHFFFAOYSA-N,2-Methylpropyl formate
BAPJBEWLBFYGME-UHFFFAOYSA-N,Methyl acrylate
BATOPAZDIZEVQF-IAROGAJJSA-N,"(E,E)-2,4-Hexadienal"
BAVYZALUXZFZLV-UHFFFAOYSA-N,Methylamine
BBBXWRGITSUJPB-YUMQZZPRSA-N,L-alpha-Glutamyl-L-lysine
BDAGIHXWWSANSR-UHFFFAOYSA-N,Formic acid
BDCDNTVZSILEOY-UHFFFAOYSA-N,Avicularin
BEPAFCGSDWSTEL-UHFFFAOYSA-N,Dimethyl malonate
BFVOYECMMKLFQJ-UHFFFAOYSA-N,Methyl 2-propenyl pentasulfide
BFYWJELXORKNFO-UHFFFAOYSA-N,Oleuropeic acid
BGBNIHUXOLZWIB-UHFFFAOYSA-N,Butyl 3-hydroxy-2-methylidenebutanoate
BHPQYMZQTOCNFJ-UHFFFAOYSA-N,Calcium
BHQCQFFYRZLCQQ-KRHHAYMPSA-N,"3a,7a,12b-Trihydroxy-5b-cholanoic acid"
BIWKXNFEOZXNLX-BBHIFXBUSA-N,Oleuropein-aglycone
BIWKXNFEOZXNLX-SQOYHTLWSA-N,"3,4-DHPEA-EA"
BJBUEDPLEOHJGE-UHFFFAOYSA-N,L-trans-3-Hydroxy-2-pyrrolidinecarboxylic acid
BJEPYKJPYRNKOW-REOHCLBHSA-N,L-Malic acid
BJEPYKJPYRNKOW-UHFFFAOYSA-N,Malic acid
BLNSKVFNUJRUQY-NUJVEXSKSA-N,Santolinatriene
BLQBYZAEDJFOQJ-IJJKIVKYSA-N,linalool oxide (trans-anhydrofuran)
BMZFZTMWBCFKSS-UHFFFAOYSA-N,8-Hydroxydaidzein
BNBBFUJNMYQYLA-VQHVLOKHSA-N,3-(4-Methoxyphenyl)-2-methyl-2-propenal
BOKVLBSSPUTWLV-UHFFFAOYSA-N,(S)-N-methylcoclaurine
BQSLMQNYHVFRDT-LSDHHAIUSA-N,gamma-Elemene
BSDNZCQPDVTDET-HWKANZROSA-N,3-(2-Hydroxyphenyl)-2-propenal
BSQZWSGAKJSBOZ-UHFFFAOYSA-N,Heliocide H2
BTBFUBUCCJKJOZ-UHFFFAOYSA-N,1-(2-Furanylmethyl)-1H-pyrrole
BTNMPGBKDVTSJY-UHFFFAOYSA-N,2-Oxo-3-phenylpropanoic acid (Mixture oxo and keto)
BWILYWWHXDGKQA-UHFFFAOYSA-M,Potassium propionate
BXEZTCOKOLHMKY-UHFFFAOYSA-O,Petanin
BXFOFFBJRFZBQZ-UHFFFAOYSA-N,T2 Toxin
BYGQBDHUGHBGMD-UHFFFAOYSA-N,2-Methylbutanal
CAEFEWVYEZABLA-UUOKFMHZSA-N,Xanthosine 5-triphosphate
CCEFMUBVSUDRLG-UHFFFAOYSA-N,"(1S,2R,4R)-1,2-Epoxy-p-menth-8-ene"
CCEKPTFNQKNHKZ-XCVCLJGOSA-N,Safflomin C
CDICDSOGTRCHMG-ONEGZZNKSA-N,Sinapaldehyde
CFFZDZCDUFSOFZ-UHFFFAOYSA-N,"3,4-Dihydroxyphenylacetic acid"
CFUWPZZLCJXNSQ-UHFFFAOYSA-N,Tanacetin
CILLXFBAACIQNS-UHFFFAOYSA-O,Malvin
CIWBSHSKHKDKBQ-JLAZNSOCSA-N,L-Ascorbic acid
CIWBSHSKHKDKBQ-UHFFFAOYSA-N,Ascorbic acid
CJBDUOMQLFKVQC-UHFFFAOYSA-N,3-(2-Hydroxyphenyl)propanoic acid
CKLJMWTZIZZHCS-UWTATZPHSA-N,D-Aspartic acid
COVFEVWNJUOYRL-UHFFFAOYSA-N,Gallic acid 3-O-gallate
COVOPZQGJGUPEY-UHFFFAOYSA-N,"2,4-Dihydroxy-2H-1,4-benzoxazin-3(4H)-one"
CRJHBQFJDHZHGO-QTKXVCRCSA-N,"3beta-Ergosta-5,23-dien-3-ol"
CRTCWNPLKVVXIX-UHFFFAOYSA-N,5-(2-Hydroxyethyl)-4-methylthiazole acetate
CRZQGDNQQAALAY-UHFFFAOYSA-N,Methyl phenylacetate
CUPQSMZELNNSIR-LZRZFMTJSA-N,"3a,16a-Dihydroxyandrostenone"
CUSXWWXXAPEFHY-UHFFFAOYSA-N,Physalin L
CWVRJTMFETXNAD-DUXPYHPUSA-N,Isochlorogenic acid
CWVRJTMFETXNAD-JUHZACGLSA-N,trans-5-O-caffeoyl-D-quinate
CWVRJTMFETXNAD-NXLLHMKUSA-N,Neochlorogenic acid
CXENHBSYCFFKJS-DZKMRSEMSA-N,alpha-Farnesene
CZMRCDWAGMRECN-UGDNZRGBSA-N,Sugars
CZMRCDWAGMRECN-UHFFFAOYSA-N,Sucrose
CZXLHIZQQUJTND-UHFFFAOYSA-N,"(3beta,5alpha,6a)-Cholesta-8,14-diene-3,6-diol"
DCKZDPOUHNXIBI-UHFFFAOYSA-N,Ketones
DCXYFEDJOCDNAF-REOHCLBHSA-N,L-Asparagine
DFYRUELUNQRZTB-UHFFFAOYSA-N,Acetovanillone
DGPNTCACXCHFDI-UHFFFAOYSA-N,Hexyl decanoate
DHKHKXVYLBGOIT-UHFFFAOYSA-N,"1,1-Diethoxyethane"
DHMQDGOQFOQNFH-UHFFFAOYSA-N,Glycine
DJLTZJGULPLVOA-UHFFFAOYSA-N,N-Benzoylaspartic acid
DKHGMERMDICWDU-GHDNBGIDSA-N,Menatetrenone
DKZBBWMURDFHNE-NSCUHMNNSA-N,Coniferyl aldehyde
DLFVBJFMPXGRIB-UHFFFAOYSA-N,Acetamide
DNAYVNOVGHZZLH-UHFFFAOYSA-N,Quercetin 3-sulfate
DNDNWOWHUWNBCK-LDADJPATSA-N,Glucobrassicin
DOIRQSBPFJWKBE-UHFFFAOYSA-N,Dibutyl phthalate
DOTJYWQAPHIAIF-UHFFFAOYSA-N,Bicornin
DOYDQNQLCHBFDK-ACGJGLCZSA-N,3'-O-beta-D-glucopyranosyl-2'-O-isovaleryl-2beta-(2-desoxy-atractyligenin)-beta-D-glucopyranoside
DPJRMOMPQZCRJU-UHFFFAOYSA-M,Thiamine hydrochloride
DPWVNICGMWYCAP-UHFFFAOYSA-N,9(11)-Dehydroglycyrrhetic acid
DQGMPXYVZZCNDQ-KBPWROHVSA-N,Calendic acid
DRAVOWXCEBXPTN-UHFFFAOYSA-N,2-Hydroxyadenine
DRTQHJPVMGBUCF-UHFFFAOYSA-N,Uridine
DSCFFEYYQKSRSV-KLJZZCKASA-N,D-Pinitol
DSCOHTVBTNDPQA-UHFFFAOYSA-N,2-Pyrrolidinone
DSMWJDJWYGMEBO-UTCJRWHESA-N,Salviaflaside
DSVMWGREWREVQQ-ODQHEUEKSA-N,Patchoulen-beta
DUUSFCFZBREELS-WWBBCYQPSA-N,Carene
DXWGBJJLEDQBKS-UHFFFAOYSA-N,6''-O-Acetylgenistin
DXYUAIFZCFRPTH-UHFFFAOYSA-N,Glycitein
DYOKDAQBNHPJFD-UHFFFAOYSA-N,Ganoderic acid A
DYSOIAQEKRDXRB-UHFFFAOYSA-N,8-Epidiosbulbin E acetate
DYZRQRYBGTXIBN-LXIBMNCBSA-N,Oleocanthal
DZAUWHJDUNRCTF-UHFFFAOYSA-N,"3-(3,4-Dihydroxyphenyl)propanoic acid"
DZKOKXZNCDGVRY-UHFFFAOYSA-N,Lenthionine
FBPFZTCFMRRESA-JGWLITMVSA-N,D-Glucitol
FBPFZTCFMRRESA-UHFFFAOYSA-N,D-Mannitol
FBSFWRHWHYMIOG-UHFFFAOYSA-N,Methyl gallate
FCEJNLVNFSUDTK-AATRIKPKSA-N,"3b,6a-Dihydroxy-alpha-ionol 9-[apiosyl-(1->6)-glucoside]"
FCGOBISRCUOUQH-UHFFFAOYSA-N,Hydroxyminaline
FCQSIIVNJCMJLB-UHFFFAOYSA-N,Ambolic acid
FCSSPCOFDUKHPV-UHFFFAOYSA-N,cis-Propyl 2-propenyl disulfide
FDCOHGHEADZEGF-OCEACIFDSA-N,"Glycerol 1,3-dihexadecanoate 2-(9Z-octadecenoate)"
FEWJPZIEWOKRBE-JCYAYHJZSA-N,Tartaric acid
FEWJPZIEWOKRBE-LWMBPPNESA-N,p-Coumaroyl tartaric acid glucosidic ester
FEXQDZTYJVXMOS-UHFFFAOYSA-N,Isopropyl benzoate
FJKROLUGYXJWQN-UHFFFAOYSA-N,4-Hydroxybenzoic acid
FJPGAMCQJNLTJC-UHFFFAOYSA-N,"2,3-Heptanedione"
FLURXOFTUKXKQN-UHFFFAOYSA-N,Glyceofuran
FPIBENZMUTVCEK-JWPKELMXSA-N,"(2E,8Z)-Decadiene-4,6-diyn-1-yl 3-methylbutanoate"
FPSPMXPRFYBHKR-UQXOTDKOSA-N,Sitostanol-beta
FQCPXIJRWHRHIP-UHFFFAOYSA-N,Oroselone
FRASJONUBLZVQX-UHFFFAOYSA-N,"1,4-Naphtoquinone"
FRAUJUKWSKMNJY-UHFFFAOYSA-N,6''-Malonylgenistin
FRUUTAANUZUTPG-QHHAFSJGSA-N,2-S-Glutathionyl caftaric acid
FTVWIRXFELQLPI-ZDUSSCGKSA-N,(S)-Naringenin
FUGYGGDSWSUORM-UHFFFAOYSA-N,4-Vinylphenol
GDBJCCBRRCYCEG-UHFFFAOYSA-N,5-Octadecynoic acid
GEDRGVNPMIOGRX-UHFFFAOYSA-N,Hexyl 2-methyl-4-pentenoate
GEPAYBXVXXBSKP-UHFFFAOYSA-L,Isothiocyanates
GGVUQGXIFKUXHY-RFXAPONZSA-N,Coriandrinonediol
GHGDPZHQDKPWOJ-UHFFFAOYSA-N,Brassitin
GKBLNJXQDMHILB-WBWYXKPPSA-N,9-F1-phytoprostane
GLKCOBIIZKYKFN-UHFFFAOYSA-N,Isoxanthopterin
GMXMKSFJQLFOSO-UHFFFAOYSA-N,Malabaricano
GSUGVJOUDSLEBL-UHFFFAOYSA-N,2-Nonyl acetate
GUBGYTABKSRVRQ-PICCSMPSSA-N,Maltose
GUBGYTABKSRVRQ-QKKXKWKRSA-N,Lactose
GVFKEVFAPIUOAI-MRCUWXFGSA-N,Adouetine Y
GVJHHUAWPYXKBD-IEOSBIPESA-N,alpha-Tocopherol
GWMMTXPUFREJAY-UHFFFAOYSA-N,Ethyl 2-hydroxy-3-(3-indolyl)propanoate glucoside
GWYFCOCPABKNJV-UHFFFAOYSA-N,3-Methylbutanoic acid
GXANMBISFKBPEX-UHFFFAOYSA-N,3-Hexenal
GYFFKZTYYAFCTR-JUHZACGLSA-N,Cryptochlorogenic acid
GYHFUZHODSMOHU-UHFFFAOYSA-N,Nonanal
GZIFEOYASATJEH-UHFFFAOYSA-N,d-Tocopherol
HCXVJBMSMIARIN-PHZDYDNGSA-N,Stigmasterol
HDVXJTYHXDVWQO-UHFFFAOYSA-N,Jatamansone
HEQOJEGTZCTHCF-UHFFFAOYSA-N,2-Aminoacetophenone
HGXBRUKMWQGOIE-UHFFFAOYSA-N,(+)-Pinoresinol
HITWHALOZBMLHY-UHFFFAOYSA-N,2-Butyl-1H-benzimidazole
HJALBBWEPPAQQG-AAINFDRGSA-N,Ligstroside
HKSDVVJONLXYKL-ZFILXNNPSA-N,"15,16-Epoxy-9,12-octadecadienoic acid"
HQTKNGJJNNTBLG-WAYWQWQTSA-N,"2,6-Dimethyl-2,4-heptadiene"
HRAOWRVFLSYJKN-UHFFFAOYSA-N,"2-acetyl-1,4,5,6-tetrahydropyridine"
HSTZMXCBWJGKHG-CUYWLFDKSA-N,(E)-Resveratrol 3-glucoside
HUMNYLRZRPPJDN-UHFFFAOYSA-N,Benzaldehyde
HUTCYUJPLOTDMX-KEBDBYFISA-N,Ganoderic acid Y
HXYVTAGFYLMHSO-UHFFFAOYSA-N,Palmidrol
HYCLWDHZALFLJV-UHFFFAOYSA-N,7-Acetoxy-6-methoxycoumarin
IDJXJAJYEFRBPY-UHFFFAOYSA-N,Agavoside G
IDXHCFMUKBIJQY-HYHKMVTFSA-N,Phylloquinone
IETZAWFZIAOWQX-UHFFFAOYSA-N,"2',4'-Dihydroxy-6'-methoxyacetophenone"
IGABZIVJSNQMPZ-UHFFFAOYSA-N,α-zeacarotene
IIACRCGMVDHOTQ-UHFFFAOYSA-N,Amidosulfonic acid
IIHBKTCHILXGOT-YBYGRFCBSA-N,Thujan-3-ol
IKMDFBPHZNJCSN-UHFFFAOYSA-N,Myricetin
ILEDWLMCKZNDJK-UHFFFAOYSA-N,Aesculetin
IMDVEXVWVKJLBU-UHFFFAOYSA-N,Agavasaponin H
IMKHDCBNRDRUEB-UHFFFAOYSA-N,"(S)-5,6,7,7alpha-Tetrahydro-4,4,7alpha-trimethyl-2(4H)-benzofuranone"
IMNZDWZLEPDBAP-UHFFFAOYSA-N,Galegine
IPYLQIQMGUZFCK-UHFFFAOYSA-N,alpha-Terpinyl formate
IQOJTGSBENZIOL-UHFFFAOYSA-N,1-(2-Furanyl)-2-propanone
IRCZVRWQUNZGSH-DKTYCGPESA-N,beta-Gurjunene
ISWSIDIOOBJBQZ-UHFFFAOYSA-N,Phenol
IUMXYENFRLYSPF-NULKIEFASA-N,Ganglioside GA1 (d18:1/26:1(17Z))
IYMKNYVCXUEFJE-PLNGDYQASA-N,5-Methyl-3-hexen-2-one
IYRMWMYZSQPJKC-UHFFFAOYSA-N,Kaempferol
IYSZVOVZPVKXIJ-OFALOCIGSA-N,"Methyl (2E,6Z)-dodecadienoate"
IZJDOKYDEWTZSO-UHFFFAOYSA-N,2-Phenethyl isothiocyanate
IZQSVPBOUDKVDZ-UHFFFAOYSA-N,Isorhamnetin
JBFOLLJCGUCDQP-UHFFFAOYSA-N,Apigenin 7-glucuronide
JDLKFOPOAOFWQN-UHFFFAOYSA-N,Allicin
JEKGHHPMLRLCIW-VBVMRKNNSA-N,"(2Z,4E,6E)-2,4,6,10-Farnesatetraene"
JGHZJRVDZXSNKQ-UHFFFAOYSA-N,Methyl caprylate
JIRNEODMTPGRGV-UHFFFAOYSA-N,Pentadecylbenzene
JIWBIWFOSCKQMA-DFARDDQGSA-N,Stearidonic acid
JKHRCGUTYDNCLE-UHFFFAOYSA-O,Delphinidin
JLQNHALFVCURHW-UHFFFAOYSA-N,Cyclic sulfur S8
JMSVCTWVEWCHDZ-UHFFFAOYSA-N,Syringic acid
JRZJOMJEPLMPRA-UHFFFAOYSA-N,1-Nonene
JZRWCGZRTZMZEH-UHFFFAOYSA-N,Thiamine
JZVFJDZBLUFKCA-CMDGGOBGSA-N,alpha-Spinasterol
KBEBGUQPQBELIU-HJWRWDBZSA-N,Ethyl cinnamate
KCDXJAYRVLXPFO-UHFFFAOYSA-N,"4-Hydroxy-3,5-dimethoxybenzaldehyde"
KCIQZCNOUZCRGH-UHFFFAOYSA-N,(+)-Cycloolivil
KDXKERNSBIXSRK-YFKPBYRVSA-N,L-Lysine
KEAYESYHFKHZAL-UHFFFAOYSA-N,Sodium
KEMQGTRYUADPNZ-UHFFFAOYSA-N,Heptadecanoic acid
KJDZDTDNIULJBE-VAWYXSNFSA-N,Catelaidic acid
KKRGPGRSBFMOKP-FPYGCLRLSA-N,Quercetin 3-(3-p-coumaroylglucoside)
KKSDGJDHHZEWEP-SNAWJCMRSA-N,m-Coumaric acid
KLIDCXVFHGNTTM-UHFFFAOYSA-N,"2,6-Dimethoxyphenol"
KLTVSWGXIAYTHO-UHFFFAOYSA-N,1-Octen-3-one
KQKZINUOFUEGEI-VXLYETTFSA-N,Ganodermic acid P2
KQMVAGISDHMXJJ-UHFFFAOYSA-N,Prunetin
KQPYUDDGWXQXHS-UHFFFAOYSA-N,Juglone
KWIUHFFTVRNATP-UHFFFAOYSA-N,Betaine
KYWIYKKSMDLRDC-UHFFFAOYSA-N,2-Undecanone
KZNIFHPLKGYRTM-UHFFFAOYSA-N,Apigenin
LABTWGUMFABVFG-ARJAWSKDSA-N,3-Penten-2-one
LBAIIYXJLFVTRA-UHFFFAOYSA-N,"8,10-Nonacosanedione"
LBTABPSJONFLPO-UHFFFAOYSA-N,2-Amino-3-phosphonopropionic acid
LFEUICHQZGNOHD-UHFFFAOYSA-N,Biochanin A 7-glucoside
LFQSCWFLJHTTHZ-UHFFFAOYSA-N,Ethanol
LHJZSWVADJCBNI-ARJAWSKDSA-N,Isochavibetol
LLCYNDRFWDIIQS-WQLSENKSSA-N,3-(3-Methylbutylidene)-1(3H)-isobenzofuranone
LNIQZRIHAMVRJA-UHFFFAOYSA-N,Isoformononetin
LNTHITQWFMADLM-UHFFFAOYSA-N,Gallic acid
LOIYMIARKYCTBW-UPHRSURJSA-N,Urocanic acid
LQJBNNIYVWPHFW-QXMHVHEDSA-N,Gadoleic acid
LUKBXSAWLPMMSZ-OWOJBTEDSA-N,trans-resveratrol
LVNITLZCNUEXQK-UTJQPWESSA-N,9-D1-phytoprostane
LVYZAJNLNYSPIX-UHFFFAOYSA-N,Pallidol 3-glucoside
LXNHXLLTXMVWPM-UHFFFAOYSA-N,Pyridoxine
MHXCIKYXNYCMHY-UHFFFAOYSA-N,(-)-Lariciresinol
MLFHJEHSLIIPHL-UHFFFAOYSA-N,Isopentyl acetate
MOJZMWJRUKIQGL-GUZXBWELSA-N,Procyanidin trimer EEC
MOJZMWJRUKIQGL-UHFFFAOYSA-N,Arecatannin A1
MOJZMWJRUKIQGL-WNCKYJNFSA-N,Procyanidin C2
MQPHVIPKLRXGDJ-RNJXMRFFSA-N,(-)-Isopinocamphone
MQZIGYBFDRPAKN-HDQLMXHPSA-N,"(3S,3'S)-Astaxanthin"
MSVXRBNAPJJEDX-UHFFFAOYSA-N,Mulberrofuran Q
MWOOGOJBHIARFG-UHFFFAOYSA-N,Vanillin
NGSWKAQJJWESNS-ZZXKWVIFSA-N,p-Coumaric acid
NMQZMHHAWZDJOJ-UHFFFAOYSA-N,"4',5-Dihydroxy-3',7-dimethoxyisoflavone"
NPYPAHLBTDXSSS-UHFFFAOYSA-N,Potassium
NSSALFVIQPAIQK-BQYQJAHWSA-N,trans-Non-2-en-1-al
OBVNUYXMOLOYPW-UHFFFAOYSA-N,Funkioside C
ODKSFYDXXFIFQN-BYPYZUCNSA-N,Arginine
OEYIOHPDSNJKLS-UHFFFAOYSA-N,Choline
OGFXBIXJCWAUCH-UHFFFAOYSA-N,Isolariciresinol
OGJALRFDUFLIDX-UHFFFAOYSA-N,Bersimoside I
OHIUVDQGXUITJQ-AARHSHDHSA-N,Procyanidin B6
OHIUVDQGXUITJQ-VDKDFJRPSA-N,Procyanidin B8
ONIBWKKTOPOVIA-BYPYZUCNSA-N,L-Proline
ONYHYSLZNLJFHX-MDAAKZFYSA-N,"(E,E)-11,13-Octadecadien-9-ynoic acid"
OPYWYTLAPWWTKW-UHFFFAOYSA-N,Physapubenolide
OQYZCCKCJQWHIE-UHFFFAOYSA-N,3-Hydroxysebacic acid
ORLDMMKUTCCBSM-UHFFFAOYSA-N,"(3xi,6xi)-Cyclo(alanylvalyl)"
OTTXIFWBPRRYOG-UHFFFAOYSA-N,2-Hydroxyadipic acid
OUMMPAFEQHTYIZ-UHFFFAOYSA-N,Geraldone
OUYCCCASQSFEME-UHFFFAOYSA-N,L-Tyrosine
OVBPIULPVIDEAO-LBPRGKRZSA-N,Folic acid
PANKHBYNKQNAHN-AWVVJTJESA-N,(all-E)-Crocetin
PCBSXBYCASFXTM-UHFFFAOYSA-N,4-(4-Methoxyphenyl)-2-butanone
PFTAWBLQPZVEMU-DZGCQCFKSA-N,Catechin
PGMBAYKBYBXNNR-UHFFFAOYSA-N,Methane sulfinothiocic acid 2-propenyl-ester
POWISKNFFRUCCW-UHFFFAOYSA-N,(23R)-Acetoxytomatine
PSYUBHDPOIZRST-UHFFFAOYSA-N,Ethyl pyruvate
PVNIIMVLHYAWGP-UHFFFAOYSA-N,Nicotinic acid
PWHULOQIROXLJO-UHFFFAOYSA-N,Manganese
QAIPRVGONGVQAS-DUXPYHPUSA-N,Caffeic acid
QIVBCDIJIAJPQS-VIFPVBQESA-N,L-Tryptophan
QKXUXZSVOPLDOD-GCTHYFALSA-N,"Procyanidin C1 3,3',3''-trigallate"
QNAYBMKLOCPYGJ-REOHCLBHSA-N,L-Alanine
QUEDXNHFTDJVIY-UHFFFAOYSA-N,gamma-Tocopherol
QYSXJUFSXHHAJI-YRZJJWOYSA-N,Vitamin D
RGJAJCOCOZWPNI-UHFFFAOYSA-N,Gallocatechin-(4alpha->8)-catechin-(4alpha->8)-catechin
RLCKHJSFHOZMDR-GUDVDZBRSA-N,"(3R,7R,11R)-1-Phytanoic acid"
ROHFNLRQFUQHCH-UHFFFAOYSA-N,(±)-Leucine
RUDATBOHQWOJDD-JGFDLHJZSA-N,"3b,7a-Dihydroxy-5b-cholanoic acid"
RYYVLZVUVIJVGH-UHFFFAOYSA-N,Caffeine
RZEVGLVRLUDYEA-GGFCQLCOSA-N,Cycloviolaxanthin
SGNBVLSWZMBQTH-UHFFFAOYSA-N,Dihydrobrassicasterol
SNVFDPHQAOXWJZ-UHFFFAOYSA-N,Furcelleran
TWLLPUMZVVGILS-UHFFFAOYSA-N,Ethyl anthranilate
TXBRTEQRWJPSKE-UHFFFAOYSA-N,Faradiol palmitate
UJBOOUHRTQVGRU-UHFFFAOYSA-N,(±)-3-Methylcyclohexanone
UQDUPQYQJKYHQI-UHFFFAOYSA-N,Methyl dodecanoate
UUOWTYGESRVWCF-WKWFDMPLSA-N,Cinnamtannin III
VPOVFCBNUOUZGG-VVHNFQOZSA-N,p-HPEA-EDA
VVPGAJNPGZZNBM-UHFFFAOYSA-N,Homopisatin
VYFYYTLLBUKUHU-UHFFFAOYSA-N,Dopamine
VYGQUTWHTHXGQB-UMNZIDCRSA-N,Retinol palmitate
VYZAMTAEIAYCRO-UHFFFAOYSA-N,Chromium
WCERJEZPIONOJU-UHFFFAOYSA-N,Acoradin
WEDGVCZUPFZNDE-UHFFFAOYSA-N,Graveolone
WEEGYLXZBRQIMU-UHFFFAOYSA-N,"1,8-Cineole"
WEXDMQBFSBEMLP-UHFFFAOYSA-N,"Catechin 3',4'-diglucoside"
WJSAFQZKYVRPGM-PABFRNLHSA-N,16-B1-phytoprostane
WQEPLUUGTLDZJY-UHFFFAOYSA-N,Pentadecanoic acid
WZVWUSABZGIQJZ-UHFFFAOYSA-N,z2-Tocopherol
XFZJEEAOWLFHDH-UKWJTHFESA-N,Procyanidin B1
XNCNNDVCAUWAIT-UHFFFAOYSA-N,Methyl heptanoate
XWRHBGVVCOSNKO-MDMPXHNCSA-N,Coumaroylquinic acid (p-)
XWVDCVZOOVTJKF-RIYZIHGNSA-N,Lansiumarin A
YAPQBXQYLJRXSA-UHFFFAOYSA-N,Theobromine
YAXFVDUJDAQPTJ-UHFFFAOYSA-N,"5'-(3',4'-Dihydroxyphenyl)-gamma-valerolactone sulfate"
YHWNASRGLKJRJJ-UHFFFAOYSA-N,6-Prenylnaringenin
YZBNXQLCEJJXSC-UHFFFAOYSA-N,Miliacin
ZAKOWWREFLAJOT-UHFFFAOYSA-N,alpha-Tocopherol acetate
ZIKZPLSIAVHITA-UHFFFAOYSA-N,Nomilinic acid
ZJRZKUMVZLKDPM-HARHXEFRSA-N,Ligstroside-aglycone
ZPVXZDCYCDBKAJ-NCMRLHFPSA-N,Phloretin-2'-O-(2''-O-xylosylglucoside)
ZROGCCBNZBKLEL-MPRHSVQHSA-N,Taxifolin 3-rhamnoside
ZVKXPPXCNUMUOR-REWZIMNXSA-N,Neochrome
